,tic,fyear
0,AAL,2011
1,AAL,2012
2,AAL,2013
3,AAL,2014
4,AAL,2015
5,AAL,2016
6,AAL,2017
7,AAL,2018
8,AAL,2019
9,AAL,2020
10,PNW,2011
11,PNW,2012
12,PNW,2013
13,PNW,2014
14,PNW,2015
15,PNW,2016
16,PNW,2017
17,PNW,2018
18,PNW,2019
19,PNW,2020
20,ABT,2011
21,ABT,2012
22,ABT,2013
23,ABT,2014
24,ABT,2015
25,ABT,2016
26,ABT,2017
27,ABT,2018
28,ABT,2019
29,ABT,2020
30,AMD,2011
31,AMD,2012
32,AMD,2013
33,AMD,2014
34,AMD,2015
35,AMD,2016
36,AMD,2017
37,AMD,2018
38,AMD,2019
39,AMD,2020
40,APD,2011
41,APD,2012
42,APD,2013
43,APD,2014
44,APD,2015
45,APD,2016
46,APD,2017
47,APD,2018
48,APD,2019
49,APD,2020
50,ALK,2011
51,ALK,2012
52,ALK,2013
53,ALK,2014
54,ALK,2015
55,ALK,2016
56,ALK,2017
57,ALK,2018
58,ALK,2019
59,ALK,2020
60,HON,2011
61,HON,2012
62,HON,2013
63,HON,2014
64,HON,2015
65,HON,2016
66,HON,2017
67,HON,2018
68,HON,2019
69,HON,2020
70,SWKS,2011
71,SWKS,2012
72,SWKS,2013
73,SWKS,2014
74,SWKS,2015
75,SWKS,2016
76,SWKS,2017
77,SWKS,2018
78,SWKS,2019
79,SWKS,2020
80,HES,2011
81,HES,2012
82,HES,2013
83,HES,2014
84,HES,2015
85,HES,2016
86,HES,2017
87,HES,2018
88,HES,2019
89,HES,2020
90,AEP,2011
91,AEP,2012
92,AEP,2013
93,AEP,2014
94,AEP,2015
95,AEP,2016
96,AEP,2017
97,AEP,2018
98,AEP,2019
99,AEP,2020
100,AXP,2011
101,AXP,2012
102,AXP,2013
103,AXP,2014
104,AXP,2015
105,AXP,2016
106,AXP,2017
107,AXP,2018
108,AXP,2019
109,AXP,2020
110,AFL,2011
111,AFL,2012
112,AFL,2013
113,AFL,2014
114,AFL,2015
115,AFL,2016
116,AFL,2017
117,AFL,2018
118,AFL,2019
119,AFL,2020
120,AIG,2011
121,AIG,2012
122,AIG,2013
123,AIG,2014
124,AIG,2015
125,AIG,2016
126,AIG,2017
127,AIG,2018
128,AIG,2019
129,AIG,2020
130,AME,2011
131,AME,2012
132,AME,2013
133,AME,2014
134,AME,2015
135,AME,2016
136,AME,2017
137,AME,2018
138,AME,2019
139,AME,2020
140,AMGN,2011
141,AMGN,2012
142,AMGN,2013
143,AMGN,2014
144,AMGN,2015
145,AMGN,2016
146,AMGN,2017
147,AMGN,2018
148,AMGN,2019
149,AMGN,2020
150,ADI,2011
151,ADI,2012
152,ADI,2013
153,ADI,2014
154,ADI,2015
155,ADI,2016
156,ADI,2017
157,ADI,2018
158,ADI,2019
159,ADI,2020
160,APA,2011
161,APA,2012
162,APA,2013
163,APA,2014
164,APA,2015
165,APA,2016
166,APA,2017
167,APA,2018
168,APA,2019
169,APA,2020
170,AAPL,2011
171,AAPL,2012
172,AAPL,2013
173,AAPL,2014
174,AAPL,2015
175,AAPL,2016
176,AAPL,2017
177,AAPL,2018
178,AAPL,2019
179,AAPL,2020
180,AMAT,2011
181,AMAT,2012
182,AMAT,2013
183,AMAT,2014
184,AMAT,2015
185,AMAT,2016
186,AMAT,2017
187,AMAT,2018
188,AMAT,2019
189,AMAT,2020
190,ADM,2011
191,ADM,2012
192,ADM,2013
193,ADM,2014
194,ADM,2015
195,ADM,2016
196,ADM,2017
197,ADM,2018
198,ADM,2019
199,ADM,2020
200,ADSK,2010
201,ADSK,2011
202,ADSK,2012
203,ADSK,2013
204,ADSK,2014
205,ADSK,2015
206,ADSK,2016
207,ADSK,2017
208,ADSK,2018
209,ADSK,2019
210,ADSK,2020
211,ADP,2011
212,ADP,2012
213,ADP,2013
214,ADP,2014
215,ADP,2015
216,ADP,2016
217,ADP,2017
218,ADP,2018
219,ADP,2019
220,ADP,2020
221,AVY,2011
222,AVY,2012
223,AVY,2013
224,AVY,2014
225,AVY,2015
226,AVY,2016
227,AVY,2017
228,AVY,2018
229,AVY,2019
230,AVY,2020
231,BALL,2011
232,BALL,2012
233,BALL,2013
234,BALL,2014
235,BALL,2015
236,BALL,2016
237,BALL,2017
238,BALL,2018
239,BALL,2019
240,BALL,2020
241,BK,2011
242,BK,2012
243,BK,2013
244,BK,2014
245,BK,2015
246,BK,2016
247,BK,2017
248,BK,2018
249,BK,2019
250,BK,2020
251,BAX,2011
252,BAX,2012
253,BAX,2013
254,BAX,2014
255,BAX,2015
256,BAX,2016
257,BAX,2017
258,BAX,2018
259,BAX,2019
260,BAX,2020
261,BDX,2011
262,BDX,2012
263,BDX,2013
264,BDX,2014
265,BDX,2015
266,BDX,2016
267,BDX,2017
268,BDX,2018
269,BDX,2019
270,BDX,2020
271,VZ,2011
272,VZ,2012
273,VZ,2013
274,VZ,2014
275,VZ,2015
276,VZ,2016
277,VZ,2017
278,VZ,2018
279,VZ,2019
280,VZ,2020
281,BRK.B,2011
282,BRK.B,2012
283,BRK.B,2013
284,BRK.B,2014
285,BRK.B,2015
286,BRK.B,2016
287,BRK.B,2017
288,BRK.B,2018
289,BRK.B,2019
290,BRK.B,2020
291,BBY,2010
292,BBY,2011
293,BBY,2012
294,BBY,2013
295,BBY,2014
296,BBY,2015
297,BBY,2016
298,BBY,2017
299,BBY,2018
300,BBY,2019
301,BBY,2020
302,BIO,2011
303,BIO,2012
304,BIO,2013
305,BIO,2014
306,BIO,2015
307,BIO,2016
308,BIO,2017
309,BIO,2018
310,BIO,2019
311,BIO,2020
312,BA,2011
313,BA,2012
314,BA,2013
315,BA,2014
316,BA,2015
317,BA,2016
318,BA,2017
319,BA,2018
320,BA,2019
321,BA,2020
322,RHI,2011
323,RHI,2012
324,RHI,2013
325,RHI,2014
326,RHI,2015
327,RHI,2016
328,RHI,2017
329,RHI,2018
330,RHI,2019
331,RHI,2020
332,BMY,2011
333,BMY,2012
334,BMY,2013
335,BMY,2014
336,BMY,2015
337,BMY,2016
338,BMY,2017
339,BMY,2018
340,BMY,2019
341,BMY,2020
342,BF.B,2010
343,BF.B,2011
344,BF.B,2012
345,BF.B,2013
346,BF.B,2014
347,BF.B,2015
348,BF.B,2016
349,BF.B,2017
350,BF.B,2018
351,BF.B,2019
352,CI,2011
353,CI,2012
354,CI,2013
355,CI,2014
356,CI,2015
357,CI,2016
358,CI,2017
359,CI,2018
360,CI,2019
361,CI,2020
362,CSX,2011
363,CSX,2012
364,CSX,2013
365,CSX,2014
366,CSX,2015
367,CSX,2016
368,CSX,2017
369,CSX,2018
370,CSX,2019
371,CSX,2020
372,CPB,2011
373,CPB,2012
374,CPB,2013
375,CPB,2014
376,CPB,2015
377,CPB,2016
378,CPB,2017
379,CPB,2018
380,CPB,2019
381,CPB,2020
382,STZ,2010
383,STZ,2011
384,STZ,2012
385,STZ,2013
386,STZ,2014
387,STZ,2015
388,STZ,2016
389,STZ,2017
390,STZ,2018
391,STZ,2019
392,CAH,2011
393,CAH,2012
394,CAH,2013
395,CAH,2014
396,CAH,2015
397,CAH,2016
398,CAH,2017
399,CAH,2018
400,CAH,2019
401,CAH,2020
402,CAT,2011
403,CAT,2012
404,CAT,2013
405,CAT,2014
406,CAT,2015
407,CAT,2016
408,CAT,2017
409,CAT,2018
410,CAT,2019
411,CAT,2020
412,LUMN,2011
413,LUMN,2012
414,LUMN,2013
415,LUMN,2014
416,LUMN,2015
417,LUMN,2016
418,LUMN,2017
419,LUMN,2018
420,LUMN,2019
421,LUMN,2020
422,JPM,2011
423,JPM,2012
424,JPM,2013
425,JPM,2014
426,JPM,2015
427,JPM,2016
428,JPM,2017
429,JPM,2018
430,JPM,2019
431,JPM,2020
432,CVX,2011
433,CVX,2012
434,CVX,2013
435,CVX,2014
436,CVX,2015
437,CVX,2016
438,CVX,2017
439,CVX,2018
440,CVX,2019
441,CVX,2020
442,CHD,2011
443,CHD,2012
444,CHD,2013
445,CHD,2014
446,CHD,2015
447,CHD,2016
448,CHD,2017
449,CHD,2018
450,CHD,2019
451,CHD,2020
452,CTAS,2010
453,CTAS,2011
454,CTAS,2012
455,CTAS,2013
456,CTAS,2014
457,CTAS,2015
458,CTAS,2016
459,CTAS,2017
460,CTAS,2018
461,CTAS,2019
462,CLX,2011
463,CLX,2012
464,CLX,2013
465,CLX,2014
466,CLX,2015
467,CLX,2016
468,CLX,2017
469,CLX,2018
470,CLX,2019
471,CLX,2020
472,KO,2011
473,KO,2012
474,KO,2013
475,KO,2014
476,KO,2015
477,KO,2016
478,KO,2017
479,KO,2018
480,KO,2019
481,KO,2020
482,CL,2011
483,CL,2012
484,CL,2013
485,CL,2014
486,CL,2015
487,CL,2016
488,CL,2017
489,CL,2018
490,CL,2019
491,CL,2020
492,AON,2011
493,AON,2012
494,AON,2013
495,AON,2014
496,AON,2015
497,AON,2016
498,AON,2017
499,AON,2018
500,AON,2019
501,AON,2020
502,CMCSA,2011
503,CMCSA,2012
504,CMCSA,2013
505,CMCSA,2014
506,CMCSA,2015
507,CMCSA,2016
508,CMCSA,2017
509,CMCSA,2018
510,CMCSA,2019
511,CMCSA,2020
512,CMA,2011
513,CMA,2012
514,CMA,2013
515,CMA,2014
516,CMA,2015
517,CMA,2016
518,CMA,2017
519,CMA,2018
520,CMA,2019
521,CMA,2020
522,C,2011
523,C,2012
524,C,2013
525,C,2014
526,C,2015
527,C,2016
528,C,2017
529,C,2018
530,C,2019
531,C,2020
532,DXC,2010
533,DXC,2011
534,DXC,2012
535,DXC,2013
536,DXC,2014
537,DXC,2015
538,DXC,2016
539,DXC,2017
540,DXC,2018
541,DXC,2019
542,CAG,2010
543,CAG,2011
544,CAG,2012
545,CAG,2013
546,CAG,2014
547,CAG,2015
548,CAG,2016
549,CAG,2017
550,CAG,2018
551,CAG,2019
552,ED,2011
553,ED,2012
554,ED,2013
555,ED,2014
556,ED,2015
557,ED,2016
558,ED,2017
559,ED,2018
560,ED,2019
561,ED,2020
562,CMS,2011
563,CMS,2012
564,CMS,2013
565,CMS,2014
566,CMS,2015
567,CMS,2016
568,CMS,2017
569,CMS,2018
570,CMS,2019
571,CMS,2020
572,COO,2011
573,COO,2012
574,COO,2013
575,COO,2014
576,COO,2015
577,COO,2016
578,COO,2017
579,COO,2018
580,COO,2019
581,COO,2020
582,TAP,2011
583,TAP,2012
584,TAP,2013
585,TAP,2014
586,TAP,2015
587,TAP,2016
588,TAP,2017
589,TAP,2018
590,TAP,2019
591,TAP,2020
592,GLW,2011
593,GLW,2012
594,GLW,2013
595,GLW,2014
596,GLW,2015
597,GLW,2016
598,GLW,2017
599,GLW,2018
600,GLW,2019
601,GLW,2020
602,CMI,2011
603,CMI,2012
604,CMI,2013
605,CMI,2014
606,CMI,2015
607,CMI,2016
608,CMI,2017
609,CMI,2018
610,CMI,2019
611,CMI,2020
612,DHR,2011
613,DHR,2012
614,DHR,2013
615,DHR,2014
616,DHR,2015
617,DHR,2016
618,DHR,2017
619,DHR,2018
620,DHR,2019
621,DHR,2020
622,TGT,2010
623,TGT,2011
624,TGT,2012
625,TGT,2013
626,TGT,2014
627,TGT,2015
628,TGT,2016
629,TGT,2017
630,TGT,2018
631,TGT,2019
632,TGT,2020
633,DE,2011
634,DE,2012
635,DE,2013
636,DE,2014
637,DE,2015
638,DE,2016
639,DE,2017
640,DE,2018
641,DE,2019
642,DE,2020
643,DAL,2011
644,DAL,2012
645,DAL,2013
646,DAL,2014
647,DAL,2015
648,DAL,2016
649,DAL,2017
650,DAL,2018
651,DAL,2019
652,DAL,2020
653,DTE,2011
654,DTE,2012
655,DTE,2013
656,DTE,2014
657,DTE,2015
658,DTE,2016
659,DTE,2017
660,DTE,2018
661,DTE,2019
662,DTE,2020
663,DIS,2011
664,DIS,2012
665,DIS,2013
666,DIS,2014
667,DIS,2015
668,DIS,2016
669,DIS,2017
670,DIS,2018
671,DIS,2019
672,DIS,2020
673,DG,2010
674,DG,2011
675,DG,2012
676,DG,2013
677,DG,2014
678,DG,2015
679,DG,2016
680,DG,2017
681,DG,2018
682,DG,2019
683,DG,2020
684,D,2011
685,D,2012
686,D,2013
687,D,2014
688,D,2015
689,D,2016
690,D,2017
691,D,2018
692,D,2019
693,D,2020
694,DOV,2011
695,DOV,2012
696,DOV,2013
697,DOV,2014
698,DOV,2015
699,DOV,2016
700,DOV,2017
701,DOV,2018
702,DOV,2019
703,DOV,2020
704,DD,2011
705,DD,2012
706,DD,2013
707,DD,2014
708,DD,2015
709,DD,2016
710,DD,2017
711,DD,2018
712,DD,2019
713,DD,2020
714,OMC,2011
715,OMC,2012
716,OMC,2013
717,OMC,2014
718,OMC,2015
719,OMC,2016
720,OMC,2017
721,OMC,2018
722,OMC,2019
723,OMC,2020
724,DUK,2011
725,DUK,2012
726,DUK,2013
727,DUK,2014
728,DUK,2015
729,DUK,2016
730,DUK,2017
731,DUK,2018
732,DUK,2019
733,DUK,2020
734,PKI,2011
735,PKI,2012
736,PKI,2013
737,PKI,2014
738,PKI,2015
739,PKI,2016
740,PKI,2017
741,PKI,2018
742,PKI,2019
743,PKI,2020
744,ETN,2011
745,ETN,2012
746,ETN,2013
747,ETN,2014
748,ETN,2015
749,ETN,2016
750,ETN,2017
751,ETN,2018
752,ETN,2019
753,ETN,2020
754,ECL,2011
755,ECL,2012
756,ECL,2013
757,ECL,2014
758,ECL,2015
759,ECL,2016
760,ECL,2017
761,ECL,2018
762,ECL,2019
763,ECL,2020
764,EMR,2011
765,EMR,2012
766,EMR,2013
767,EMR,2014
768,EMR,2015
769,EMR,2016
770,EMR,2017
771,EMR,2018
772,EMR,2019
773,EMR,2020
774,ATO,2011
775,ATO,2012
776,ATO,2013
777,ATO,2014
778,ATO,2015
779,ATO,2016
780,ATO,2017
781,ATO,2018
782,ATO,2019
783,ATO,2020
784,EFX,2011
785,EFX,2012
786,EFX,2013
787,EFX,2014
788,EFX,2015
789,EFX,2016
790,EFX,2017
791,EFX,2018
792,EFX,2019
793,EFX,2020
794,EQT,2011
795,EQT,2012
796,EQT,2013
797,EQT,2014
798,EQT,2015
799,EQT,2016
800,EQT,2017
801,EQT,2018
802,EQT,2019
803,EQT,2020
804,EXPD,2011
805,EXPD,2012
806,EXPD,2013
807,EXPD,2014
808,EXPD,2015
809,EXPD,2016
810,EXPD,2017
811,EXPD,2018
812,EXPD,2019
813,EXPD,2020
814,XOM,2011
815,XOM,2012
816,XOM,2013
817,XOM,2014
818,XOM,2015
819,XOM,2016
820,XOM,2017
821,XOM,2018
822,XOM,2019
823,XOM,2020
824,FMC,2011
825,FMC,2012
826,FMC,2013
827,FMC,2014
828,FMC,2015
829,FMC,2016
830,FMC,2017
831,FMC,2018
832,FMC,2019
833,FMC,2020
834,NEE,2011
835,NEE,2012
836,NEE,2013
837,NEE,2014
838,NEE,2015
839,NEE,2016
840,NEE,2017
841,NEE,2018
842,NEE,2019
843,NEE,2020
844,FDX,2010
845,FDX,2011
846,FDX,2012
847,FDX,2013
848,FDX,2014
849,FDX,2015
850,FDX,2016
851,FDX,2017
852,FDX,2018
853,FDX,2019
854,FRT,2011
855,FRT,2012
856,FRT,2013
857,FRT,2014
858,FRT,2015
859,FRT,2016
860,FRT,2017
861,FRT,2018
862,FRT,2019
863,FRT,2020
864,FITB,2011
865,FITB,2012
866,FITB,2013
867,FITB,2014
868,FITB,2015
869,FITB,2016
870,FITB,2017
871,FITB,2018
872,FITB,2019
873,FITB,2020
874,RF,2011
875,RF,2012
876,RF,2013
877,RF,2014
878,RF,2015
879,RF,2016
880,RF,2017
881,RF,2018
882,RF,2019
883,RF,2020
884,MTB,2011
885,MTB,2012
886,MTB,2013
887,MTB,2014
888,MTB,2015
889,MTB,2016
890,MTB,2017
891,MTB,2018
892,MTB,2019
893,MTB,2020
894,USB,2011
895,USB,2012
896,USB,2013
897,USB,2014
898,USB,2015
899,USB,2016
900,USB,2017
901,USB,2018
902,USB,2019
903,USB,2020
904,F,2011
905,F,2012
906,F,2013
907,F,2014
908,F,2015
909,F,2016
910,F,2017
911,F,2018
912,F,2019
913,F,2020
914,BEN,2011
915,BEN,2012
916,BEN,2013
917,BEN,2014
918,BEN,2015
919,BEN,2016
920,BEN,2017
921,BEN,2018
922,BEN,2019
923,BEN,2020
924,AJG,2011
925,AJG,2012
926,AJG,2013
927,AJG,2014
928,AJG,2015
929,AJG,2016
930,AJG,2017
931,AJG,2018
932,AJG,2019
933,AJG,2020
934,GD,2011
935,GD,2012
936,GD,2013
937,GD,2014
938,GD,2015
939,GD,2016
940,GD,2017
941,GD,2018
942,GD,2019
943,GD,2020
944,GE,2011
945,GE,2012
946,GE,2013
947,GE,2014
948,GE,2015
949,GE,2016
950,GE,2017
951,GE,2018
952,GE,2019
953,GE,2020
954,GIS,2010
955,GIS,2011
956,GIS,2012
957,GIS,2013
958,GIS,2014
959,GIS,2015
960,GIS,2016
961,GIS,2017
962,GIS,2018
963,GIS,2019
964,GM,2011
965,GM,2012
966,GM,2013
967,GM,2014
968,GM,2015
969,GM,2016
970,GM,2017
971,GM,2018
972,GM,2019
973,GM,2020
974,GPC,2011
975,GPC,2012
976,GPC,2013
977,GPC,2014
978,GPC,2015
979,GPC,2016
980,GPC,2017
981,GPC,2018
982,GPC,2019
983,GPC,2020
984,GWW,2011
985,GWW,2012
986,GWW,2013
987,GWW,2014
988,GWW,2015
989,GWW,2016
990,GWW,2017
991,GWW,2018
992,GWW,2019
993,GWW,2020
994,HAL,2011
995,HAL,2012
996,HAL,2013
997,HAL,2014
998,HAL,2015
999,HAL,2016
1000,HAL,2017
1001,HAL,2018
1002,HAL,2019
1003,HAL,2020
1004,LHX,2011
1005,LHX,2012
1006,LHX,2013
1007,LHX,2014
1008,LHX,2015
1009,LHX,2016
1010,LHX,2017
1011,LHX,2018
1012,LHX,2019
1013,LHX,2020
1014,HAS,2011
1015,HAS,2012
1016,HAS,2013
1017,HAS,2014
1018,HAS,2015
1019,HAS,2016
1020,HAS,2017
1021,HAS,2018
1022,HAS,2019
1023,HAS,2020
1024,WELL,2011
1025,WELL,2012
1026,WELL,2013
1027,WELL,2014
1028,WELL,2015
1029,WELL,2016
1030,WELL,2017
1031,WELL,2018
1032,WELL,2019
1033,WELL,2020
1034,KHC,2010
1035,KHC,2011
1036,KHC,2012
1037,KHC,2013
1038,KHC,2014
1039,KHC,2015
1040,KHC,2016
1041,KHC,2017
1042,KHC,2018
1043,KHC,2019
1044,KHC,2020
1045,HSY,2011
1046,HSY,2012
1047,HSY,2013
1048,HSY,2014
1049,HSY,2015
1050,HSY,2016
1051,HSY,2017
1052,HSY,2018
1053,HSY,2019
1054,HSY,2020
1055,HPQ,2011
1056,HPQ,2012
1057,HPQ,2013
1058,HPQ,2014
1059,HPQ,2015
1060,HPQ,2016
1061,HPQ,2017
1062,HPQ,2018
1063,HPQ,2019
1064,HPQ,2020
1065,HLT,2011
1066,HLT,2012
1067,HLT,2013
1068,HLT,2014
1069,HLT,2015
1070,HLT,2016
1071,HLT,2017
1072,HLT,2018
1073,HLT,2019
1074,HLT,2020
1075,HD,2010
1076,HD,2011
1077,HD,2012
1078,HD,2013
1079,HD,2014
1080,HD,2015
1081,HD,2016
1082,HD,2017
1083,HD,2018
1084,HD,2019
1085,HD,2020
1086,HRL,2011
1087,HRL,2012
1088,HRL,2013
1089,HRL,2014
1090,HRL,2015
1091,HRL,2016
1092,HRL,2017
1093,HRL,2018
1094,HRL,2019
1095,HRL,2020
1096,CNP,2011
1097,CNP,2012
1098,CNP,2013
1099,CNP,2014
1100,CNP,2015
1101,CNP,2016
1102,CNP,2017
1103,CNP,2018
1104,CNP,2019
1105,CNP,2020
1106,JBHT,2011
1107,JBHT,2012
1108,JBHT,2013
1109,JBHT,2014
1110,JBHT,2015
1111,JBHT,2016
1112,JBHT,2017
1113,JBHT,2018
1114,JBHT,2019
1115,JBHT,2020
1116,HBAN,2011
1117,HBAN,2012
1118,HBAN,2013
1119,HBAN,2014
1120,HBAN,2015
1121,HBAN,2016
1122,HBAN,2017
1123,HBAN,2018
1124,HBAN,2019
1125,HBAN,2020
1126,ITW,2011
1127,ITW,2012
1128,ITW,2013
1129,ITW,2014
1130,ITW,2015
1131,ITW,2016
1132,ITW,2017
1133,ITW,2018
1134,ITW,2019
1135,ITW,2020
1136,TT,2011
1137,TT,2012
1138,TT,2013
1139,TT,2014
1140,TT,2015
1141,TT,2016
1142,TT,2017
1143,TT,2018
1144,TT,2019
1145,TT,2020
1146,INTC,2011
1147,INTC,2012
1148,INTC,2013
1149,INTC,2014
1150,INTC,2015
1151,INTC,2016
1152,INTC,2017
1153,INTC,2018
1154,INTC,2019
1155,INTC,2020
1156,IBM,2011
1157,IBM,2012
1158,IBM,2013
1159,IBM,2014
1160,IBM,2015
1161,IBM,2016
1162,IBM,2017
1163,IBM,2018
1164,IBM,2019
1165,IBM,2020
1166,IFF,2011
1167,IFF,2012
1168,IFF,2013
1169,IFF,2014
1170,IFF,2015
1171,IFF,2016
1172,IFF,2017
1173,IFF,2018
1174,IFF,2019
1175,IFF,2020
1176,IP,2011
1177,IP,2012
1178,IP,2013
1179,IP,2014
1180,IP,2015
1181,IP,2016
1182,IP,2017
1183,IP,2018
1184,IP,2019
1185,IP,2020
1186,IPG,2011
1187,IPG,2012
1188,IPG,2013
1189,IPG,2014
1190,IPG,2015
1191,IPG,2016
1192,IPG,2017
1193,IPG,2018
1194,IPG,2019
1195,IPG,2020
1196,J,2011
1197,J,2012
1198,J,2013
1199,J,2014
1200,J,2015
1201,J,2016
1202,J,2017
1203,J,2018
1204,J,2019
1205,J,2020
1206,JNJ,2011
1207,JNJ,2012
1208,JNJ,2013
1209,JNJ,2014
1210,JNJ,2015
1211,JNJ,2016
1212,JNJ,2017
1213,JNJ,2018
1214,JNJ,2019
1215,JNJ,2020
1216,JCI,2011
1217,JCI,2012
1218,JCI,2013
1219,JCI,2014
1220,JCI,2015
1221,JCI,2016
1222,JCI,2017
1223,JCI,2018
1224,JCI,2019
1225,JCI,2020
1226,KLAC,2011
1227,KLAC,2012
1228,KLAC,2013
1229,KLAC,2014
1230,KLAC,2015
1231,KLAC,2016
1232,KLAC,2017
1233,KLAC,2018
1234,KLAC,2019
1235,KLAC,2020
1236,KMI,2011
1237,KMI,2012
1238,KMI,2013
1239,KMI,2014
1240,KMI,2015
1241,KMI,2016
1242,KMI,2017
1243,KMI,2018
1244,KMI,2019
1245,KMI,2020
1246,EVRG,2011
1247,EVRG,2012
1248,EVRG,2013
1249,EVRG,2014
1250,EVRG,2015
1251,EVRG,2016
1252,EVRG,2017
1253,EVRG,2018
1254,EVRG,2019
1255,EVRG,2020
1256,K,2011
1257,K,2012
1258,K,2013
1259,K,2014
1260,K,2015
1261,K,2016
1262,K,2017
1263,K,2018
1264,K,2019
1265,K,2020
1266,KMB,2011
1267,KMB,2012
1268,KMB,2013
1269,KMB,2014
1270,KMB,2015
1271,KMB,2016
1272,KMB,2017
1273,KMB,2018
1274,KMB,2019
1275,KMB,2020
1276,KR,2010
1277,KR,2011
1278,KR,2012
1279,KR,2013
1280,KR,2014
1281,KR,2015
1282,KR,2016
1283,KR,2017
1284,KR,2018
1285,KR,2019
1286,KR,2020
1287,LRCX,2011
1288,LRCX,2012
1289,LRCX,2013
1290,LRCX,2014
1291,LRCX,2015
1292,LRCX,2016
1293,LRCX,2017
1294,LRCX,2018
1295,LRCX,2019
1296,LRCX,2020
1297,LEN,2011
1298,LEN,2012
1299,LEN,2013
1300,LEN,2014
1301,LEN,2015
1302,LEN,2016
1303,LEN,2017
1304,LEN,2018
1305,LEN,2019
1306,LEN,2020
1307,LLY,2011
1308,LLY,2012
1309,LLY,2013
1310,LLY,2014
1311,LLY,2015
1312,LLY,2016
1313,LLY,2017
1314,LLY,2018
1315,LLY,2019
1316,LLY,2020
1317,BBWI,2010
1318,BBWI,2011
1319,BBWI,2012
1320,BBWI,2013
1321,BBWI,2014
1322,BBWI,2015
1323,BBWI,2016
1324,BBWI,2017
1325,BBWI,2018
1326,BBWI,2019
1327,BBWI,2020
1328,LNC,2011
1329,LNC,2012
1330,LNC,2013
1331,LNC,2014
1332,LNC,2015
1333,LNC,2016
1334,LNC,2017
1335,LNC,2018
1336,LNC,2019
1337,LNC,2020
1338,LMT,2011
1339,LMT,2012
1340,LMT,2013
1341,LMT,2014
1342,LMT,2015
1343,LMT,2016
1344,LMT,2017
1345,LMT,2018
1346,LMT,2019
1347,LMT,2020
1348,L,2011
1349,L,2012
1350,L,2013
1351,L,2014
1352,L,2015
1353,L,2016
1354,L,2017
1355,L,2018
1356,L,2019
1357,L,2020
1358,LOW,2010
1359,LOW,2011
1360,LOW,2012
1361,LOW,2013
1362,LOW,2014
1363,LOW,2015
1364,LOW,2016
1365,LOW,2017
1366,LOW,2018
1367,LOW,2019
1368,LOW,2020
1369,MRO,2011
1370,MRO,2012
1371,MRO,2013
1372,MRO,2014
1373,MRO,2015
1374,MRO,2016
1375,MRO,2017
1376,MRO,2018
1377,MRO,2019
1378,MRO,2020
1379,HST,2011
1380,HST,2012
1381,HST,2013
1382,HST,2014
1383,HST,2015
1384,HST,2016
1385,HST,2017
1386,HST,2018
1387,HST,2019
1388,HST,2020
1389,MMC,2011
1390,MMC,2012
1391,MMC,2013
1392,MMC,2014
1393,MMC,2015
1394,MMC,2016
1395,MMC,2017
1396,MMC,2018
1397,MMC,2019
1398,MMC,2020
1399,MAS,2011
1400,MAS,2012
1401,MAS,2013
1402,MAS,2014
1403,MAS,2015
1404,MAS,2016
1405,MAS,2017
1406,MAS,2018
1407,MAS,2019
1408,MAS,2020
1409,MKC,2011
1410,MKC,2012
1411,MKC,2013
1412,MKC,2014
1413,MKC,2015
1414,MKC,2016
1415,MKC,2017
1416,MKC,2018
1417,MKC,2019
1418,MKC,2020
1419,MCD,2011
1420,MCD,2012
1421,MCD,2013
1422,MCD,2014
1423,MCD,2015
1424,MCD,2016
1425,MCD,2017
1426,MCD,2018
1427,MCD,2019
1428,MCD,2020
1429,SPGI,2011
1430,SPGI,2012
1431,SPGI,2013
1432,SPGI,2014
1433,SPGI,2015
1434,SPGI,2016
1435,SPGI,2017
1436,SPGI,2018
1437,SPGI,2019
1438,SPGI,2020
1439,MCK,2010
1440,MCK,2011
1441,MCK,2012
1442,MCK,2013
1443,MCK,2014
1444,MCK,2015
1445,MCK,2016
1446,MCK,2017
1447,MCK,2018
1448,MCK,2019
1449,MDT,2010
1450,MDT,2011
1451,MDT,2012
1452,MDT,2013
1453,MDT,2014
1454,MDT,2015
1455,MDT,2016
1456,MDT,2017
1457,MDT,2018
1458,MDT,2019
1459,CVS,2011
1460,CVS,2012
1461,CVS,2013
1462,CVS,2014
1463,CVS,2015
1464,CVS,2016
1465,CVS,2017
1466,CVS,2018
1467,CVS,2019
1468,CVS,2020
1469,MRK,2011
1470,MRK,2012
1471,MRK,2013
1472,MRK,2014
1473,MRK,2015
1474,MRK,2016
1475,MRK,2017
1476,MRK,2018
1477,MRK,2019
1478,MRK,2020
1479,MU,2011
1480,MU,2012
1481,MU,2013
1482,MU,2014
1483,MU,2015
1484,MU,2016
1485,MU,2017
1486,MU,2018
1487,MU,2019
1488,MU,2020
1489,ETR,2011
1490,ETR,2012
1491,ETR,2013
1492,ETR,2014
1493,ETR,2015
1494,ETR,2016
1495,ETR,2017
1496,ETR,2018
1497,ETR,2019
1498,ETR,2020
1499,MMM,2011
1500,MMM,2012
1501,MMM,2013
1502,MMM,2014
1503,MMM,2015
1504,MMM,2016
1505,MMM,2017
1506,MMM,2018
1507,MMM,2019
1508,MMM,2020
1509,MSI,2011
1510,MSI,2012
1511,MSI,2013
1512,MSI,2014
1513,MSI,2015
1514,MSI,2016
1515,MSI,2017
1516,MSI,2018
1517,MSI,2019
1518,MSI,2020
1519,VTRS,2011
1520,VTRS,2012
1521,VTRS,2013
1522,VTRS,2014
1523,VTRS,2015
1524,VTRS,2016
1525,VTRS,2017
1526,VTRS,2018
1527,VTRS,2019
1528,VTRS,2020
1529,BAC,2011
1530,BAC,2012
1531,BAC,2013
1532,BAC,2014
1533,BAC,2015
1534,BAC,2016
1535,BAC,2017
1536,BAC,2018
1537,BAC,2019
1538,BAC,2020
1539,NWL,2011
1540,NWL,2012
1541,NWL,2013
1542,NWL,2014
1543,NWL,2015
1544,NWL,2016
1545,NWL,2017
1546,NWL,2018
1547,NWL,2019
1548,NWL,2020
1549,NEM,2011
1550,NEM,2012
1551,NEM,2013
1552,NEM,2014
1553,NEM,2015
1554,NEM,2016
1555,NEM,2017
1556,NEM,2018
1557,NEM,2019
1558,NEM,2020
1559,NKE,2010
1560,NKE,2011
1561,NKE,2012
1562,NKE,2013
1563,NKE,2014
1564,NKE,2015
1565,NKE,2016
1566,NKE,2017
1567,NKE,2018
1568,NKE,2019
1569,NDSN,2011
1570,NDSN,2012
1571,NDSN,2013
1572,NDSN,2014
1573,NDSN,2015
1574,NDSN,2016
1575,NDSN,2017
1576,NDSN,2018
1577,NDSN,2019
1578,NDSN,2020
1579,NSC,2011
1580,NSC,2012
1581,NSC,2013
1582,NSC,2014
1583,NSC,2015
1584,NSC,2016
1585,NSC,2017
1586,NSC,2018
1587,NSC,2019
1588,NSC,2020
1589,ES,2011
1590,ES,2012
1591,ES,2013
1592,ES,2014
1593,ES,2015
1594,ES,2016
1595,ES,2017
1596,ES,2018
1597,ES,2019
1598,ES,2020
1599,NI,2011
1600,NI,2012
1601,NI,2013
1602,NI,2014
1603,NI,2015
1604,NI,2016
1605,NI,2017
1606,NI,2018
1607,NI,2019
1608,NI,2020
1609,XEL,2011
1610,XEL,2012
1611,XEL,2013
1612,XEL,2014
1613,XEL,2015
1614,XEL,2016
1615,XEL,2017
1616,XEL,2018
1617,XEL,2019
1618,XEL,2020
1619,NTRS,2011
1620,NTRS,2012
1621,NTRS,2013
1622,NTRS,2014
1623,NTRS,2015
1624,NTRS,2016
1625,NTRS,2017
1626,NTRS,2018
1627,NTRS,2019
1628,NTRS,2020
1629,NOC,2011
1630,NOC,2012
1631,NOC,2013
1632,NOC,2014
1633,NOC,2015
1634,NOC,2016
1635,NOC,2017
1636,NOC,2018
1637,NOC,2019
1638,NOC,2020
1639,WFC,2011
1640,WFC,2012
1641,WFC,2013
1642,WFC,2014
1643,WFC,2015
1644,WFC,2016
1645,WFC,2017
1646,WFC,2018
1647,WFC,2019
1648,WFC,2020
1649,NUE,2011
1650,NUE,2012
1651,NUE,2013
1652,NUE,2014
1653,NUE,2015
1654,NUE,2016
1655,NUE,2017
1656,NUE,2018
1657,NUE,2019
1658,NUE,2020
1659,OXY,2011
1660,OXY,2012
1661,OXY,2013
1662,OXY,2014
1663,OXY,2015
1664,OXY,2016
1665,OXY,2017
1666,OXY,2018
1667,OXY,2019
1668,OXY,2020
1669,FE,2011
1670,FE,2012
1671,FE,2013
1672,FE,2014
1673,FE,2015
1674,FE,2016
1675,FE,2017
1676,FE,2018
1677,FE,2019
1678,FE,2020
1679,OKE,2011
1680,OKE,2012
1681,OKE,2013
1682,OKE,2014
1683,OKE,2015
1684,OKE,2016
1685,OKE,2017
1686,OKE,2018
1687,OKE,2019
1688,OKE,2020
1689,PNC,2011
1690,PNC,2012
1691,PNC,2013
1692,PNC,2014
1693,PNC,2015
1694,PNC,2016
1695,PNC,2017
1696,PNC,2018
1697,PNC,2019
1698,PNC,2020
1699,PPG,2011
1700,PPG,2012
1701,PPG,2013
1702,PPG,2014
1703,PPG,2015
1704,PPG,2016
1705,PPG,2017
1706,PPG,2018
1707,PPG,2019
1708,PPG,2020
1709,PCAR,2011
1710,PCAR,2012
1711,PCAR,2013
1712,PCAR,2014
1713,PCAR,2015
1714,PCAR,2016
1715,PCAR,2017
1716,PCAR,2018
1717,PCAR,2019
1718,PCAR,2020
1719,PCG,2011
1720,PCG,2012
1721,PCG,2013
1722,PCG,2014
1723,PCG,2015
1724,PCG,2016
1725,PCG,2017
1726,PCG,2018
1727,PCG,2019
1728,PCG,2020
1729,SRE,2011
1730,SRE,2012
1731,SRE,2013
1732,SRE,2014
1733,SRE,2015
1734,SRE,2016
1735,SRE,2017
1736,SRE,2018
1737,SRE,2019
1738,SRE,2020
1739,PH,2011
1740,PH,2012
1741,PH,2013
1742,PH,2014
1743,PH,2015
1744,PH,2016
1745,PH,2017
1746,PH,2018
1747,PH,2019
1748,PH,2020
1749,PAYX,2010
1750,PAYX,2011
1751,PAYX,2012
1752,PAYX,2013
1753,PAYX,2014
1754,PAYX,2015
1755,PAYX,2016
1756,PAYX,2017
1757,PAYX,2018
1758,PAYX,2019
1759,PPL,2011
1760,PPL,2012
1761,PPL,2013
1762,PPL,2014
1763,PPL,2015
1764,PPL,2016
1765,PPL,2017
1766,PPL,2018
1767,PPL,2019
1768,PPL,2020
1769,PNR,2011
1770,PNR,2012
1771,PNR,2013
1772,PNR,2014
1773,PNR,2015
1774,PNR,2016
1775,PNR,2017
1776,PNR,2018
1777,PNR,2019
1778,PNR,2020
1779,PEP,2011
1780,PEP,2012
1781,PEP,2013
1782,PEP,2014
1783,PEP,2015
1784,PEP,2016
1785,PEP,2017
1786,PEP,2018
1787,PEP,2019
1788,PEP,2020
1789,PFE,2011
1790,PFE,2012
1791,PFE,2013
1792,PFE,2014
1793,PFE,2015
1794,PFE,2016
1795,PFE,2017
1796,PFE,2018
1797,PFE,2019
1798,PFE,2020
1799,EXC,2011
1800,EXC,2012
1801,EXC,2013
1802,EXC,2014
1803,EXC,2015
1804,EXC,2016
1805,EXC,2017
1806,EXC,2018
1807,EXC,2019
1808,EXC,2020
1809,MO,2011
1810,MO,2012
1811,MO,2013
1812,MO,2014
1813,MO,2015
1814,MO,2016
1815,MO,2017
1816,MO,2018
1817,MO,2019
1818,MO,2020
1819,COP,2011
1820,COP,2012
1821,COP,2013
1822,COP,2014
1823,COP,2015
1824,COP,2016
1825,COP,2017
1826,COP,2018
1827,COP,2019
1828,COP,2020
1829,PG,2011
1830,PG,2012
1831,PG,2013
1832,PG,2014
1833,PG,2015
1834,PG,2016
1835,PG,2017
1836,PG,2018
1837,PG,2019
1838,PG,2020
1839,PEG,2011
1840,PEG,2012
1841,PEG,2013
1842,PEG,2014
1843,PEG,2015
1844,PEG,2016
1845,PEG,2017
1846,PEG,2018
1847,PEG,2019
1848,PEG,2020
1849,PHM,2011
1850,PHM,2012
1851,PHM,2013
1852,PHM,2014
1853,PHM,2015
1854,PHM,2016
1855,PHM,2017
1856,PHM,2018
1857,PHM,2019
1858,PHM,2020
1859,RJF,2011
1860,RJF,2012
1861,RJF,2013
1862,RJF,2014
1863,RJF,2015
1864,RJF,2016
1865,RJF,2017
1866,RJF,2018
1867,RJF,2019
1868,RJF,2020
1869,ROK,2011
1870,ROK,2012
1871,ROK,2013
1872,ROK,2014
1873,ROK,2015
1874,ROK,2016
1875,ROK,2017
1876,ROK,2018
1877,ROK,2019
1878,ROK,2020
1879,ROL,2011
1880,ROL,2012
1881,ROL,2013
1882,ROL,2014
1883,ROL,2015
1884,ROL,2016
1885,ROL,2017
1886,ROL,2018
1887,ROL,2019
1888,ROL,2020
1889,ROST,2010
1890,ROST,2011
1891,ROST,2012
1892,ROST,2013
1893,ROST,2014
1894,ROST,2015
1895,ROST,2016
1896,ROST,2017
1897,ROST,2018
1898,ROST,2019
1899,ROST,2020
1900,SLB,2011
1901,SLB,2012
1902,SLB,2013
1903,SLB,2014
1904,SLB,2015
1905,SLB,2016
1906,SLB,2017
1907,SLB,2018
1908,SLB,2019
1909,SLB,2020
1910,SEE,2011
1911,SEE,2012
1912,SEE,2013
1913,SEE,2014
1914,SEE,2015
1915,SEE,2016
1916,SEE,2017
1917,SEE,2018
1918,SEE,2019
1919,SEE,2020
1920,SHW,2011
1921,SHW,2012
1922,SHW,2013
1923,SHW,2014
1924,SHW,2015
1925,SHW,2016
1926,SHW,2017
1927,SHW,2018
1928,SHW,2019
1929,SHW,2020
1930,AOS,2011
1931,AOS,2012
1932,AOS,2013
1933,AOS,2014
1934,AOS,2015
1935,AOS,2016
1936,AOS,2017
1937,AOS,2018
1938,AOS,2019
1939,AOS,2020
1940,SJM,2010
1941,SJM,2011
1942,SJM,2012
1943,SJM,2013
1944,SJM,2014
1945,SJM,2015
1946,SJM,2016
1947,SJM,2017
1948,SJM,2018
1949,SJM,2019
1950,SNA,2011
1951,SNA,2012
1952,SNA,2013
1953,SNA,2014
1954,SNA,2015
1955,SNA,2016
1956,SNA,2017
1957,SNA,2018
1958,SNA,2019
1959,SNA,2020
1960,KEY,2011
1961,KEY,2012
1962,KEY,2013
1963,KEY,2014
1964,KEY,2015
1965,KEY,2016
1966,KEY,2017
1967,KEY,2018
1968,KEY,2019
1969,KEY,2020
1970,EIX,2011
1971,EIX,2012
1972,EIX,2013
1973,EIX,2014
1974,EIX,2015
1975,EIX,2016
1976,EIX,2017
1977,EIX,2018
1978,EIX,2019
1979,EIX,2020
1980,SO,2011
1981,SO,2012
1982,SO,2013
1983,SO,2014
1984,SO,2015
1985,SO,2016
1986,SO,2017
1987,SO,2018
1988,SO,2019
1989,SO,2020
1990,LUV,2011
1991,LUV,2012
1992,LUV,2013
1993,LUV,2014
1994,LUV,2015
1995,LUV,2016
1996,LUV,2017
1997,LUV,2018
1998,LUV,2019
1999,LUV,2020
2000,T,2011
2001,T,2012
2002,T,2013
2003,T,2014
2004,T,2015
2005,T,2016
2006,T,2017
2007,T,2018
2008,T,2019
2009,T,2020
2010,SWK,2011
2011,SWK,2012
2012,SWK,2013
2013,SWK,2014
2014,SWK,2015
2015,SWK,2016
2016,SWK,2017
2017,SWK,2018
2018,SWK,2019
2019,SWK,2020
2020,STT,2011
2021,STT,2012
2022,STT,2013
2023,STT,2014
2024,STT,2015
2025,STT,2016
2026,STT,2017
2027,STT,2018
2028,STT,2019
2029,STT,2020
2030,PSA,2011
2031,PSA,2012
2032,PSA,2013
2033,PSA,2014
2034,PSA,2015
2035,PSA,2016
2036,PSA,2017
2037,PSA,2018
2038,PSA,2019
2039,PSA,2020
2040,SYK,2011
2041,SYK,2012
2042,SYK,2013
2043,SYK,2014
2044,SYK,2015
2045,SYK,2016
2046,SYK,2017
2047,SYK,2018
2048,SYK,2019
2049,SYK,2020
2050,SYY,2011
2051,SYY,2012
2052,SYY,2013
2053,SYY,2014
2054,SYY,2015
2055,SYY,2016
2056,SYY,2017
2057,SYY,2018
2058,SYY,2019
2059,SYY,2020
2060,TFX,2011
2061,TFX,2012
2062,TFX,2013
2063,TFX,2014
2064,TFX,2015
2065,TFX,2016
2066,TFX,2017
2067,TFX,2018
2068,TFX,2019
2069,TFX,2020
2070,TER,2011
2071,TER,2012
2072,TER,2013
2073,TER,2014
2074,TER,2015
2075,TER,2016
2076,TER,2017
2077,TER,2018
2078,TER,2019
2079,TER,2020
2080,TXN,2011
2081,TXN,2012
2082,TXN,2013
2083,TXN,2014
2084,TXN,2015
2085,TXN,2016
2086,TXN,2017
2087,TXN,2018
2088,TXN,2019
2089,TXN,2020
2090,TXT,2011
2091,TXT,2012
2092,TXT,2013
2093,TXT,2014
2094,TXT,2015
2095,TXT,2016
2096,TXT,2017
2097,TXT,2018
2098,TXT,2019
2099,TXT,2020
2100,TMO,2011
2101,TMO,2012
2102,TMO,2013
2103,TMO,2014
2104,TMO,2015
2105,TMO,2016
2106,TMO,2017
2107,TMO,2018
2108,TMO,2019
2109,TMO,2020
2110,GL,2011
2111,GL,2012
2112,GL,2013
2113,GL,2014
2114,GL,2015
2115,GL,2016
2116,GL,2017
2117,GL,2018
2118,GL,2019
2119,GL,2020
2120,TYL,2011
2121,TYL,2012
2122,TYL,2013
2123,TYL,2014
2124,TYL,2015
2125,TYL,2016
2126,TYL,2017
2127,TYL,2018
2128,TYL,2019
2129,TYL,2020
2130,TSN,2011
2131,TSN,2012
2132,TSN,2013
2133,TSN,2014
2134,TSN,2015
2135,TSN,2016
2136,TSN,2017
2137,TSN,2018
2138,TSN,2019
2139,TSN,2020
2140,UAL,2011
2141,UAL,2012
2142,UAL,2013
2143,UAL,2014
2144,UAL,2015
2145,UAL,2016
2146,UAL,2017
2147,UAL,2018
2148,UAL,2019
2149,UAL,2020
2150,AEE,2011
2151,AEE,2012
2152,AEE,2013
2153,AEE,2014
2154,AEE,2015
2155,AEE,2016
2156,AEE,2017
2157,AEE,2018
2158,AEE,2019
2159,AEE,2020
2160,UNP,2011
2161,UNP,2012
2162,UNP,2013
2163,UNP,2014
2164,UNP,2015
2165,UNP,2016
2166,UNP,2017
2167,UNP,2018
2168,UNP,2019
2169,UNP,2020
2170,UDR,2011
2171,UDR,2012
2172,UDR,2013
2173,UDR,2014
2174,UDR,2015
2175,UDR,2016
2176,UDR,2017
2177,UDR,2018
2178,UDR,2019
2179,UDR,2020
2180,UNH,2011
2181,UNH,2012
2182,UNH,2013
2183,UNH,2014
2184,UNH,2015
2185,UNH,2016
2186,UNH,2017
2187,UNH,2018
2188,UNH,2019
2189,UNH,2020
2190,UPS,2011
2191,UPS,2012
2192,UPS,2013
2193,UPS,2014
2194,UPS,2015
2195,UPS,2016
2196,UPS,2017
2197,UPS,2018
2198,UPS,2019
2199,UPS,2020
2200,RTX,2011
2201,RTX,2012
2202,RTX,2013
2203,RTX,2014
2204,RTX,2015
2205,RTX,2016
2206,RTX,2017
2207,RTX,2018
2208,RTX,2019
2209,RTX,2020
2210,UHS,2011
2211,UHS,2012
2212,UHS,2013
2213,UHS,2014
2214,UHS,2015
2215,UHS,2016
2216,UHS,2017
2217,UHS,2018
2218,UHS,2019
2219,UHS,2020
2220,VFC,2011
2221,VFC,2012
2222,VFC,2013
2223,VFC,2014
2224,VFC,2015
2225,VFC,2016
2226,VFC,2017
2227,VFC,2018
2228,VFC,2019
2229,VMC,2011
2230,VMC,2012
2231,VMC,2013
2232,VMC,2014
2233,VMC,2015
2234,VMC,2016
2235,VMC,2017
2236,VMC,2018
2237,VMC,2019
2238,VMC,2020
2239,WMT,2010
2240,WMT,2011
2241,WMT,2012
2242,WMT,2013
2243,WMT,2014
2244,WMT,2015
2245,WMT,2016
2246,WMT,2017
2247,WMT,2018
2248,WMT,2019
2249,WMT,2020
2250,WBA,2011
2251,WBA,2012
2252,WBA,2013
2253,WBA,2014
2254,WBA,2015
2255,WBA,2016
2256,WBA,2017
2257,WBA,2018
2258,WBA,2019
2259,WBA,2020
2260,WST,2011
2261,WST,2012
2262,WST,2013
2263,WST,2014
2264,WST,2015
2265,WST,2016
2266,WST,2017
2267,WST,2018
2268,WST,2019
2269,WST,2020
2270,WDC,2011
2271,WDC,2012
2272,WDC,2013
2273,WDC,2014
2274,WDC,2015
2275,WDC,2016
2276,WDC,2017
2277,WDC,2018
2278,WDC,2019
2279,WDC,2020
2280,WY,2011
2281,WY,2012
2282,WY,2013
2283,WY,2014
2284,WY,2015
2285,WY,2016
2286,WY,2017
2287,WY,2018
2288,WY,2019
2289,WY,2020
2290,WHR,2011
2291,WHR,2012
2292,WHR,2013
2293,WHR,2014
2294,WHR,2015
2295,WHR,2016
2296,WHR,2017
2297,WHR,2018
2298,WHR,2019
2299,WHR,2020
2300,WMB,2011
2301,WMB,2012
2302,WMB,2013
2303,WMB,2014
2304,WMB,2015
2305,WMB,2016
2306,WMB,2017
2307,WMB,2018
2308,WMB,2019
2309,WMB,2020
2310,WEC,2011
2311,WEC,2012
2312,WEC,2013
2313,WEC,2014
2314,WEC,2015
2315,WEC,2016
2316,WEC,2017
2317,WEC,2018
2318,WEC,2019
2319,WEC,2020
2320,LNT,2011
2321,LNT,2012
2322,LNT,2013
2323,LNT,2014
2324,LNT,2015
2325,LNT,2016
2326,LNT,2017
2327,LNT,2018
2328,LNT,2019
2329,LNT,2020
2330,TJX,2010
2331,TJX,2011
2332,TJX,2012
2333,TJX,2013
2334,TJX,2014
2335,TJX,2015
2336,TJX,2016
2337,TJX,2017
2338,TJX,2018
2339,TJX,2019
2340,TJX,2020
2341,ZION,2011
2342,ZION,2012
2343,ZION,2013
2344,ZION,2014
2345,ZION,2015
2346,ZION,2016
2347,ZION,2017
2348,ZION,2018
2349,ZION,2019
2350,ZION,2020
2351,JKHY,2011
2352,JKHY,2012
2353,JKHY,2013
2354,JKHY,2014
2355,JKHY,2015
2356,JKHY,2016
2357,JKHY,2017
2358,JKHY,2018
2359,JKHY,2019
2360,JKHY,2020
2361,TFC,2011
2362,TFC,2012
2363,TFC,2013
2364,TFC,2014
2365,TFC,2015
2366,TFC,2016
2367,TFC,2017
2368,TFC,2018
2369,TFC,2019
2370,TFC,2020
2371,MS,2011
2372,MS,2012
2373,MS,2013
2374,MS,2014
2375,MS,2015
2376,MS,2016
2377,MS,2017
2378,MS,2018
2379,MS,2019
2380,MS,2020
2381,TROW,2011
2382,TROW,2012
2383,TROW,2013
2384,TROW,2014
2385,TROW,2015
2386,TROW,2016
2387,TROW,2017
2388,TROW,2018
2389,TROW,2019
2390,TROW,2020
2391,MSFT,2011
2392,MSFT,2012
2393,MSFT,2013
2394,MSFT,2014
2395,MSFT,2015
2396,MSFT,2016
2397,MSFT,2017
2398,MSFT,2018
2399,MSFT,2019
2400,MSFT,2020
2401,ORCL,2010
2402,ORCL,2011
2403,ORCL,2012
2404,ORCL,2013
2405,ORCL,2014
2406,ORCL,2015
2407,ORCL,2016
2408,ORCL,2017
2409,ORCL,2018
2410,ORCL,2019
2411,IT,2011
2412,IT,2012
2413,IT,2013
2414,IT,2014
2415,IT,2015
2416,IT,2016
2417,IT,2017
2418,IT,2018
2419,IT,2019
2420,IT,2020
2421,NVR,2011
2422,NVR,2012
2423,NVR,2013
2424,NVR,2014
2425,NVR,2015
2426,NVR,2016
2427,NVR,2017
2428,NVR,2018
2429,NVR,2019
2430,NVR,2020
2431,ADBE,2011
2432,ADBE,2012
2433,ADBE,2013
2434,ADBE,2014
2435,ADBE,2015
2436,ADBE,2016
2437,ADBE,2017
2438,ADBE,2018
2439,ADBE,2019
2440,ADBE,2020
2441,FISV,2011
2442,FISV,2012
2443,FISV,2013
2444,FISV,2014
2445,FISV,2015
2446,FISV,2016
2447,FISV,2017
2448,FISV,2018
2449,FISV,2019
2450,FISV,2020
2451,PEAK,2011
2452,PEAK,2012
2453,PEAK,2013
2454,PEAK,2014
2455,PEAK,2015
2456,PEAK,2016
2457,PEAK,2017
2458,PEAK,2018
2459,PEAK,2019
2460,PEAK,2020
2461,PGR,2011
2462,PGR,2012
2463,PGR,2013
2464,PGR,2014
2465,PGR,2015
2466,PGR,2016
2467,PGR,2017
2468,PGR,2018
2469,PGR,2019
2470,PGR,2020
2471,CDNS,2011
2472,CDNS,2012
2473,CDNS,2013
2474,CDNS,2014
2475,CDNS,2015
2476,CDNS,2016
2477,CDNS,2017
2478,CDNS,2018
2479,CDNS,2019
2480,CDNS,2020
2481,CCL,2011
2482,CCL,2012
2483,CCL,2013
2484,CCL,2014
2485,CCL,2015
2486,CCL,2016
2487,CCL,2017
2488,CCL,2018
2489,CCL,2019
2490,CCL,2020
2491,XRAY,2011
2492,XRAY,2012
2493,XRAY,2013
2494,XRAY,2014
2495,XRAY,2015
2496,XRAY,2016
2497,XRAY,2017
2498,XRAY,2018
2499,XRAY,2019
2500,XRAY,2020
2501,PARA,2011
2502,PARA,2012
2503,PARA,2013
2504,PARA,2014
2505,PARA,2015
2506,PARA,2016
2507,PARA,2017
2508,PARA,2018
2509,PARA,2019
2510,PARA,2020
2511,ZTS,2011
2512,ZTS,2012
2513,ZTS,2013
2514,ZTS,2014
2515,ZTS,2015
2516,ZTS,2016
2517,ZTS,2017
2518,ZTS,2018
2519,ZTS,2019
2520,ZTS,2020
2521,SCHW,2011
2522,SCHW,2012
2523,SCHW,2013
2524,SCHW,2014
2525,SCHW,2015
2526,SCHW,2016
2527,SCHW,2017
2528,SCHW,2018
2529,SCHW,2019
2530,SCHW,2020
2531,FAST,2011
2532,FAST,2012
2533,FAST,2013
2534,FAST,2014
2535,FAST,2015
2536,FAST,2016
2537,FAST,2017
2538,FAST,2018
2539,FAST,2019
2540,FAST,2020
2541,FRC,2011
2542,FRC,2012
2543,FRC,2013
2544,FRC,2014
2545,FRC,2015
2546,FRC,2016
2547,FRC,2017
2548,FRC,2018
2549,FRC,2019
2550,FRC,2020
2551,APH,2011
2552,APH,2012
2553,APH,2013
2554,APH,2014
2555,APH,2015
2556,APH,2016
2557,APH,2017
2558,APH,2018
2559,APH,2019
2560,APH,2020
2561,PXD,2011
2562,PXD,2012
2563,PXD,2013
2564,PXD,2014
2565,PXD,2015
2566,PXD,2016
2567,PXD,2017
2568,PXD,2018
2569,PXD,2019
2570,PXD,2020
2571,MGM,2011
2572,MGM,2012
2573,MGM,2013
2574,MGM,2014
2575,MGM,2015
2576,MGM,2016
2577,MGM,2017
2578,MGM,2018
2579,MGM,2019
2580,MGM,2020
2581,WM,2011
2582,WM,2012
2583,WM,2013
2584,WM,2014
2585,WM,2015
2586,WM,2016
2587,WM,2017
2588,WM,2018
2589,WM,2019
2590,WM,2020
2591,FCX,2011
2592,FCX,2012
2593,FCX,2013
2594,FCX,2014
2595,FCX,2015
2596,FCX,2016
2597,FCX,2017
2598,FCX,2018
2599,FCX,2019
2600,FCX,2020
2601,WRB,2011
2602,WRB,2012
2603,WRB,2013
2604,WRB,2014
2605,WRB,2015
2606,WRB,2016
2607,WRB,2017
2608,WRB,2018
2609,WRB,2019
2610,WRB,2020
2611,CINF,2011
2612,CINF,2012
2613,CINF,2013
2614,CINF,2014
2615,CINF,2015
2616,CINF,2016
2617,CINF,2017
2618,CINF,2018
2619,CINF,2019
2620,CINF,2020
2621,DVN,2011
2622,DVN,2012
2623,DVN,2013
2624,DVN,2014
2625,DVN,2015
2626,DVN,2016
2627,DVN,2017
2628,DVN,2018
2629,DVN,2019
2630,DVN,2020
2631,LH,2011
2632,LH,2012
2633,LH,2013
2634,LH,2014
2635,LH,2015
2636,LH,2016
2637,LH,2017
2638,LH,2018
2639,LH,2019
2640,LH,2020
2641,VLO,2011
2642,VLO,2012
2643,VLO,2013
2644,VLO,2014
2645,VLO,2015
2646,VLO,2016
2647,VLO,2017
2648,VLO,2018
2649,VLO,2019
2650,VLO,2020
2651,IEX,2011
2652,IEX,2012
2653,IEX,2013
2654,IEX,2014
2655,IEX,2015
2656,IEX,2016
2657,IEX,2017
2658,IEX,2018
2659,IEX,2019
2660,IEX,2020
2661,TECH,2011
2662,TECH,2012
2663,TECH,2013
2664,TECH,2014
2665,TECH,2015
2666,TECH,2016
2667,TECH,2017
2668,TECH,2018
2669,TECH,2019
2670,TECH,2020
2671,BRO,2011
2672,BRO,2012
2673,BRO,2013
2674,BRO,2014
2675,BRO,2015
2676,BRO,2016
2677,BRO,2017
2678,BRO,2018
2679,BRO,2019
2680,BRO,2020
2681,GEN,2010
2682,GEN,2011
2683,GEN,2012
2684,GEN,2013
2685,GEN,2014
2686,GEN,2015
2687,GEN,2016
2688,GEN,2017
2689,GEN,2018
2690,GEN,2019
2691,ABBV,2011
2692,ABBV,2012
2693,ABBV,2013
2694,ABBV,2014
2695,ABBV,2015
2696,ABBV,2016
2697,ABBV,2017
2698,ABBV,2018
2699,ABBV,2019
2700,ABBV,2020
2701,EOG,2011
2702,EOG,2012
2703,EOG,2013
2704,EOG,2014
2705,EOG,2015
2706,EOG,2016
2707,EOG,2017
2708,EOG,2018
2709,EOG,2019
2710,EOG,2020
2711,EA,2010
2712,EA,2011
2713,EA,2012
2714,EA,2013
2715,EA,2014
2716,EA,2015
2717,EA,2016
2718,EA,2017
2719,EA,2018
2720,EA,2019
2721,TMUS,2014
2722,TMUS,2015
2723,TMUS,2016
2724,TMUS,2017
2725,TMUS,2018
2726,TMUS,2019
2727,TMUS,2020
2728,IQV,2012
2729,IQV,2013
2730,IQV,2014
2731,IQV,2015
2732,IQV,2016
2733,IQV,2017
2734,IQV,2018
2735,IQV,2019
2736,IQV,2020
2737,NWSA,2012
2738,NWSA,2013
2739,NWSA,2014
2740,NWSA,2015
2741,NWSA,2016
2742,NWSA,2017
2743,NWSA,2018
2744,NWSA,2019
2745,NWSA,2020
2746,PTC,2011
2747,PTC,2012
2748,PTC,2013
2749,PTC,2014
2750,PTC,2015
2751,PTC,2016
2752,PTC,2017
2753,PTC,2018
2754,PTC,2019
2755,PTC,2020
2756,PAYC,2013
2757,PAYC,2014
2758,PAYC,2015
2759,PAYC,2016
2760,PAYC,2017
2761,PAYC,2018
2762,PAYC,2019
2763,PAYC,2020
2764,CTLT,2013
2765,CTLT,2014
2766,CTLT,2015
2767,CTLT,2016
2768,CTLT,2017
2769,CTLT,2018
2770,CTLT,2019
2771,CTLT,2020
2772,KEYS,2013
2773,KEYS,2014
2774,KEYS,2015
2775,KEYS,2016
2776,KEYS,2017
2777,KEYS,2018
2778,KEYS,2019
2779,KEYS,2020
2780,CTRA,2011
2781,CTRA,2012
2782,CTRA,2013
2783,CTRA,2014
2784,CTRA,2015
2785,CTRA,2016
2786,CTRA,2017
2787,CTRA,2018
2788,CTRA,2019
2789,CTRA,2020
2790,SYF,2013
2791,SYF,2014
2792,SYF,2015
2793,SYF,2016
2794,SYF,2017
2795,SYF,2018
2796,SYF,2019
2797,SYF,2020
2798,ANET,2014
2799,ANET,2015
2800,ANET,2016
2801,ANET,2017
2802,ANET,2018
2803,ANET,2019
2804,ANET,2020
2805,CSCO,2011
2806,CSCO,2012
2807,CSCO,2013
2808,CSCO,2014
2809,CSCO,2015
2810,CSCO,2016
2811,CSCO,2017
2812,CSCO,2018
2813,CSCO,2019
2814,CSCO,2020
2815,HOLX,2011
2816,HOLX,2012
2817,HOLX,2013
2818,HOLX,2014
2819,HOLX,2015
2820,HOLX,2016
2821,HOLX,2017
2822,HOLX,2018
2823,HOLX,2019
2824,HOLX,2020
2825,CZR,2015
2826,CZR,2016
2827,CZR,2017
2828,CZR,2018
2829,CZR,2019
2830,CZR,2020
2831,CFG,2013
2832,CFG,2014
2833,CFG,2015
2834,CFG,2016
2835,CFG,2017
2836,CFG,2018
2837,CFG,2019
2838,CFG,2020
2839,HCA,2011
2840,HCA,2012
2841,HCA,2013
2842,HCA,2014
2843,HCA,2015
2844,HCA,2016
2845,HCA,2017
2846,HCA,2018
2847,HCA,2019
2848,HCA,2020
2849,TRMB,2011
2850,TRMB,2012
2851,TRMB,2013
2852,TRMB,2014
2853,TRMB,2015
2854,TRMB,2016
2855,TRMB,2017
2856,TRMB,2018
2857,TRMB,2019
2858,TRMB,2020
2859,SEDG,2014
2860,SEDG,2015
2861,SEDG,2016
2862,SEDG,2017
2863,SEDG,2018
2864,SEDG,2019
2865,SEDG,2020
2866,ETSY,2014
2867,ETSY,2015
2868,ETSY,2016
2869,ETSY,2017
2870,ETSY,2018
2871,ETSY,2019
2872,ETSY,2020
2873,CDAY,2017
2874,CDAY,2018
2875,CDAY,2019
2876,CDAY,2020
2877,AZO,2011
2878,AZO,2012
2879,AZO,2013
2880,AZO,2014
2881,AZO,2015
2882,AZO,2016
2883,AZO,2017
2884,AZO,2018
2885,AZO,2019
2886,AZO,2020
2887,REGN,2011
2888,REGN,2012
2889,REGN,2013
2890,REGN,2014
2891,REGN,2015
2892,REGN,2016
2893,REGN,2017
2894,REGN,2018
2895,REGN,2019
2896,REGN,2020
2897,IDXX,2011
2898,IDXX,2012
2899,IDXX,2013
2900,IDXX,2014
2901,IDXX,2015
2902,IDXX,2016
2903,IDXX,2017
2904,IDXX,2018
2905,IDXX,2019
2906,IDXX,2020
2907,AES,2011
2908,AES,2012
2909,AES,2013
2910,AES,2014
2911,AES,2015
2912,AES,2016
2913,AES,2017
2914,AES,2018
2915,AES,2019
2916,AES,2020
2917,MNST,2011
2918,MNST,2012
2919,MNST,2013
2920,MNST,2014
2921,MNST,2015
2922,MNST,2016
2923,MNST,2017
2924,MNST,2018
2925,MNST,2019
2926,MNST,2020
2927,VRTX,2011
2928,VRTX,2012
2929,VRTX,2013
2930,VRTX,2014
2931,VRTX,2015
2932,VRTX,2016
2933,VRTX,2017
2934,VRTX,2018
2935,VRTX,2019
2936,VRTX,2020
2937,ZBRA,2011
2938,ZBRA,2012
2939,ZBRA,2013
2940,ZBRA,2014
2941,ZBRA,2015
2942,ZBRA,2016
2943,ZBRA,2017
2944,ZBRA,2018
2945,ZBRA,2019
2946,ZBRA,2020
2947,BIIB,2011
2948,BIIB,2012
2949,BIIB,2013
2950,BIIB,2014
2951,BIIB,2015
2952,BIIB,2016
2953,BIIB,2017
2954,BIIB,2018
2955,BIIB,2019
2956,BIIB,2020
2957,PYPL,2014
2958,PYPL,2015
2959,PYPL,2016
2960,PYPL,2017
2961,PYPL,2018
2962,PYPL,2019
2963,PYPL,2020
2964,ODFL,2011
2965,ODFL,2012
2966,ODFL,2013
2967,ODFL,2014
2968,ODFL,2015
2969,ODFL,2016
2970,ODFL,2017
2971,ODFL,2018
2972,ODFL,2019
2973,ODFL,2020
2974,KIM,2011
2975,KIM,2012
2976,KIM,2013
2977,KIM,2014
2978,KIM,2015
2979,KIM,2016
2980,KIM,2017
2981,KIM,2018
2982,KIM,2019
2983,KIM,2020
2984,QCOM,2011
2985,QCOM,2012
2986,QCOM,2013
2987,QCOM,2014
2988,QCOM,2015
2989,QCOM,2016
2990,QCOM,2017
2991,QCOM,2018
2992,QCOM,2019
2993,QCOM,2020
2994,GILD,2011
2995,GILD,2012
2996,GILD,2013
2997,GILD,2014
2998,GILD,2015
2999,GILD,2016
3000,GILD,2017
3001,GILD,2018
3002,GILD,2019
3003,GILD,2020
3004,ROP,2011
3005,ROP,2012
3006,ROP,2013
3007,ROP,2014
3008,ROP,2015
3009,ROP,2016
3010,ROP,2017
3011,ROP,2018
3012,ROP,2019
3013,ROP,2020
3014,SNPS,2011
3015,SNPS,2012
3016,SNPS,2013
3017,SNPS,2014
3018,SNPS,2015
3019,SNPS,2016
3020,SNPS,2017
3021,SNPS,2018
3022,SNPS,2019
3023,SNPS,2020
3024,MHK,2011
3025,MHK,2012
3026,MHK,2013
3027,MHK,2014
3028,MHK,2015
3029,MHK,2016
3030,MHK,2017
3031,MHK,2018
3032,MHK,2019
3033,MHK,2020
3034,LIN,2011
3035,LIN,2012
3036,LIN,2013
3037,LIN,2014
3038,LIN,2015
3039,LIN,2016
3040,LIN,2017
3041,LIN,2018
3042,LIN,2019
3043,LIN,2020
3044,BSX,2011
3045,BSX,2012
3046,BSX,2013
3047,BSX,2014
3048,BSX,2015
3049,BSX,2016
3050,BSX,2017
3051,BSX,2018
3052,BSX,2019
3053,BSX,2020
3054,STE,2010
3055,STE,2011
3056,STE,2012
3057,STE,2013
3058,STE,2014
3059,STE,2015
3060,STE,2016
3061,STE,2017
3062,STE,2018
3063,STE,2019
3064,DHI,2011
3065,DHI,2012
3066,DHI,2013
3067,DHI,2014
3068,DHI,2015
3069,DHI,2016
3070,DHI,2017
3071,DHI,2018
3072,DHI,2019
3073,DHI,2020
3074,SBUX,2011
3075,SBUX,2012
3076,SBUX,2013
3077,SBUX,2014
3078,SBUX,2015
3079,SBUX,2016
3080,SBUX,2017
3081,SBUX,2018
3082,SBUX,2019
3083,SBUX,2020
3084,MTCH,2011
3085,MTCH,2012
3086,MTCH,2013
3087,MTCH,2014
3088,MTCH,2015
3089,MTCH,2016
3090,MTCH,2017
3091,MTCH,2018
3092,MTCH,2019
3093,MTCH,2020
3094,HPE,2014
3095,HPE,2015
3096,HPE,2016
3097,HPE,2017
3098,HPE,2018
3099,HPE,2019
3100,HPE,2020
3101,FTV,2014
3102,FTV,2015
3103,FTV,2016
3104,FTV,2017
3105,FTV,2018
3106,FTV,2019
3107,FTV,2020
3108,HUM,2011
3109,HUM,2012
3110,HUM,2013
3111,HUM,2014
3112,HUM,2015
3113,HUM,2016
3114,HUM,2017
3115,HUM,2018
3116,HUM,2019
3117,HUM,2020
3118,INTU,2011
3119,INTU,2012
3120,INTU,2013
3121,INTU,2014
3122,INTU,2015
3123,INTU,2016
3124,INTU,2017
3125,INTU,2018
3126,INTU,2019
3127,INTU,2020
3128,MCHP,2010
3129,MCHP,2011
3130,MCHP,2012
3131,MCHP,2013
3132,MCHP,2014
3133,MCHP,2015
3134,MCHP,2016
3135,MCHP,2017
3136,MCHP,2018
3137,MCHP,2019
3138,CB,2011
3139,CB,2012
3140,CB,2013
3141,CB,2014
3142,CB,2015
3143,CB,2016
3144,CB,2017
3145,CB,2018
3146,CB,2019
3147,CB,2020
3148,ORLY,2011
3149,ORLY,2012
3150,ORLY,2013
3151,ORLY,2014
3152,ORLY,2015
3153,ORLY,2016
3154,ORLY,2017
3155,ORLY,2018
3156,ORLY,2019
3157,ORLY,2020
3158,RCL,2011
3159,RCL,2012
3160,RCL,2013
3161,RCL,2014
3162,RCL,2015
3163,RCL,2016
3164,RCL,2017
3165,RCL,2018
3166,RCL,2019
3167,RCL,2020
3168,HWM,2016
3169,HWM,2017
3170,HWM,2018
3171,HWM,2019
3172,HWM,2020
3173,CDW,2011
3174,CDW,2012
3175,CDW,2013
3176,CDW,2014
3177,CDW,2015
3178,CDW,2016
3179,CDW,2017
3180,CDW,2018
3181,CDW,2019
3182,CDW,2020
3183,ALL,2011
3184,ALL,2012
3185,ALL,2013
3186,ALL,2014
3187,ALL,2015
3188,ALL,2016
3189,ALL,2017
3190,ALL,2018
3191,ALL,2019
3192,ALL,2020
3193,CPT,2011
3194,CPT,2012
3195,CPT,2013
3196,CPT,2014
3197,CPT,2015
3198,CPT,2016
3199,CPT,2017
3200,CPT,2018
3201,CPT,2019
3202,CPT,2020
3203,EQR,2011
3204,EQR,2012
3205,EQR,2013
3206,EQR,2014
3207,EQR,2015
3208,EQR,2016
3209,EQR,2017
3210,EQR,2018
3211,EQR,2019
3212,EQR,2020
3213,BWA,2011
3214,BWA,2012
3215,BWA,2013
3216,BWA,2014
3217,BWA,2015
3218,BWA,2016
3219,BWA,2017
3220,BWA,2018
3221,BWA,2019
3222,BWA,2020
3223,LW,2013
3224,LW,2014
3225,LW,2015
3226,LW,2016
3227,LW,2017
3228,LW,2018
3229,LW,2019
3230,KDP,2011
3231,KDP,2012
3232,KDP,2013
3233,KDP,2014
3234,KDP,2015
3235,KDP,2016
3236,KDP,2017
3237,KDP,2018
3238,KDP,2019
3239,KDP,2020
3240,MAR,2011
3241,MAR,2012
3242,MAR,2013
3243,MAR,2014
3244,MAR,2015
3245,MAR,2016
3246,MAR,2017
3247,MAR,2018
3248,MAR,2019
3249,MAR,2020
3250,COST,2011
3251,COST,2012
3252,COST,2013
3253,COST,2014
3254,COST,2015
3255,COST,2016
3256,COST,2017
3257,COST,2018
3258,COST,2019
3259,COST,2020
3260,REG,2011
3261,REG,2012
3262,REG,2013
3263,REG,2014
3264,REG,2015
3265,REG,2016
3266,REG,2017
3267,REG,2018
3268,REG,2019
3269,REG,2020
3270,INCY,2011
3271,INCY,2012
3272,INCY,2013
3273,INCY,2014
3274,INCY,2015
3275,INCY,2016
3276,INCY,2017
3277,INCY,2018
3278,INCY,2019
3279,INCY,2020
3280,SPG,2011
3281,SPG,2012
3282,SPG,2013
3283,SPG,2014
3284,SPG,2015
3285,SPG,2016
3286,SPG,2017
3287,SPG,2018
3288,SPG,2019
3289,SPG,2020
3290,EMN,2011
3291,EMN,2012
3292,EMN,2013
3293,EMN,2014
3294,EMN,2015
3295,EMN,2016
3296,EMN,2017
3297,EMN,2018
3298,EMN,2019
3299,EMN,2020
3300,MAA,2011
3301,MAA,2012
3302,MAA,2013
3303,MAA,2014
3304,MAA,2015
3305,MAA,2016
3306,MAA,2017
3307,MAA,2018
3308,MAA,2019
3309,MAA,2020
3310,MLM,2011
3311,MLM,2012
3312,MLM,2013
3313,MLM,2014
3314,MLM,2015
3315,MLM,2016
3316,MLM,2017
3317,MLM,2018
3318,MLM,2019
3319,MLM,2020
3320,TSCO,2011
3321,TSCO,2012
3322,TSCO,2013
3323,TSCO,2014
3324,TSCO,2015
3325,TSCO,2016
3326,TSCO,2017
3327,TSCO,2018
3328,TSCO,2019
3329,TSCO,2020
3330,ALB,2011
3331,ALB,2012
3332,ALB,2013
3333,ALB,2014
3334,ALB,2015
3335,ALB,2016
3336,ALB,2017
3337,ALB,2018
3338,ALB,2019
3339,ALB,2020
3340,IVZ,2011
3341,IVZ,2012
3342,IVZ,2013
3343,IVZ,2014
3344,IVZ,2015
3345,IVZ,2016
3346,IVZ,2017
3347,IVZ,2018
3348,IVZ,2019
3349,IVZ,2020
3350,WRK,2011
3351,WRK,2012
3352,WRK,2013
3353,WRK,2014
3354,WRK,2015
3355,WRK,2016
3356,WRK,2017
3357,WRK,2018
3358,WRK,2019
3359,WRK,2020
3360,AVB,2011
3361,AVB,2012
3362,AVB,2013
3363,AVB,2014
3364,AVB,2015
3365,AVB,2016
3366,AVB,2017
3367,AVB,2018
3368,AVB,2019
3369,AVB,2020
3370,CPRT,2011
3371,CPRT,2012
3372,CPRT,2013
3373,CPRT,2014
3374,CPRT,2015
3375,CPRT,2016
3376,CPRT,2017
3377,CPRT,2018
3378,CPRT,2019
3379,CPRT,2020
3380,PLD,2011
3381,PLD,2012
3382,PLD,2013
3383,PLD,2014
3384,PLD,2015
3385,PLD,2016
3386,PLD,2017
3387,PLD,2018
3388,PLD,2019
3389,PLD,2020
3390,INVH,2015
3391,INVH,2016
3392,INVH,2017
3393,INVH,2018
3394,INVH,2019
3395,INVH,2020
3396,IR,2011
3397,IR,2012
3398,IR,2013
3399,IR,2014
3400,IR,2015
3401,IR,2016
3402,IR,2017
3403,IR,2018
3404,IR,2019
3405,IR,2020
3406,ESS,2011
3407,ESS,2012
3408,ESS,2013
3409,ESS,2014
3410,ESS,2015
3411,ESS,2016
3412,ESS,2017
3413,ESS,2018
3414,ESS,2019
3415,ESS,2020
3416,O,2011
3417,O,2012
3418,O,2013
3419,O,2014
3420,O,2015
3421,O,2016
3422,O,2017
3423,O,2018
3424,O,2019
3425,O,2020
3426,COF,2011
3427,COF,2012
3428,COF,2013
3429,COF,2014
3430,COF,2015
3431,COF,2016
3432,COF,2017
3433,COF,2018
3434,COF,2019
3435,COF,2020
3436,DLTR,2010
3437,DLTR,2011
3438,DLTR,2012
3439,DLTR,2013
3440,DLTR,2014
3441,DLTR,2015
3442,DLTR,2016
3443,DLTR,2017
3444,DLTR,2018
3445,DLTR,2019
3446,DLTR,2020
3447,ABC,2011
3448,ABC,2012
3449,ABC,2013
3450,ABC,2014
3451,ABC,2015
3452,ABC,2016
3453,ABC,2017
3454,ABC,2018
3455,ABC,2019
3456,ABC,2020
3457,DRI,2010
3458,DRI,2011
3459,DRI,2012
3460,DRI,2013
3461,DRI,2014
3462,DRI,2015
3463,DRI,2016
3464,DRI,2017
3465,DRI,2018
3466,DRI,2019
3467,RMD,2011
3468,RMD,2012
3469,RMD,2013
3470,RMD,2014
3471,RMD,2015
3472,RMD,2016
3473,RMD,2017
3474,RMD,2018
3475,RMD,2019
3476,RMD,2020
3477,BKR,2015
3478,BKR,2016
3479,BKR,2017
3480,BKR,2018
3481,BKR,2019
3482,BKR,2020
3483,VICI,2018
3484,VICI,2019
3485,VICI,2020
3486,MRNA,2017
3487,MRNA,2018
3488,MRNA,2019
3489,MRNA,2020
3490,DOW,2016
3491,DOW,2017
3492,DOW,2018
3493,DOW,2019
3494,DOW,2020
3495,FOXA,2015
3496,FOXA,2016
3497,FOXA,2017
3498,FOXA,2018
3499,FOXA,2019
3500,FOXA,2020
3501,CTVA,2016
3502,CTVA,2017
3503,CTVA,2018
3504,CTVA,2019
3505,CTVA,2020
3506,OTIS,2016
3507,OTIS,2017
3508,OTIS,2018
3509,OTIS,2019
3510,OTIS,2020
3511,CARR,2016
3512,CARR,2017
3513,CARR,2018
3514,CARR,2019
3515,CARR,2020
3516,OGN,2020
3517,GEHC,2020
3518,DISH,2011
3519,DISH,2012
3520,DISH,2013
3521,DISH,2014
3522,DISH,2015
3523,DISH,2016
3524,DISH,2017
3525,DISH,2018
3526,DISH,2019
3527,DISH,2020
3528,WAB,2011
3529,WAB,2012
3530,WAB,2013
3531,WAB,2014
3532,WAB,2015
3533,WAB,2016
3534,WAB,2017
3535,WAB,2018
3536,WAB,2019
3537,WAB,2020
3538,ACGL,2011
3539,ACGL,2012
3540,ACGL,2013
3541,ACGL,2014
3542,ACGL,2015
3543,ACGL,2016
3544,ACGL,2017
3545,ACGL,2018
3546,ACGL,2019
3547,ACGL,2020
3548,RE,2011
3549,RE,2012
3550,RE,2013
3551,RE,2014
3552,RE,2015
3553,RE,2016
3554,RE,2017
3555,RE,2018
3556,RE,2019
3557,RE,2020
3558,POOL,2011
3559,POOL,2012
3560,POOL,2013
3561,POOL,2014
3562,POOL,2015
3563,POOL,2016
3564,POOL,2017
3565,POOL,2018
3566,POOL,2019
3567,POOL,2020
3568,DVA,2011
3569,DVA,2012
3570,DVA,2013
3571,DVA,2014
3572,DVA,2015
3573,DVA,2016
3574,DVA,2017
3575,DVA,2018
3576,DVA,2019
3577,DVA,2020
3578,HSIC,2011
3579,HSIC,2012
3580,HSIC,2013
3581,HSIC,2014
3582,HSIC,2015
3583,HSIC,2016
3584,HSIC,2017
3585,HSIC,2018
3586,HSIC,2019
3587,HSIC,2020
3588,EL,2011
3589,EL,2012
3590,EL,2013
3591,EL,2014
3592,EL,2015
3593,EL,2016
3594,EL,2017
3595,EL,2018
3596,EL,2019
3597,EL,2020
3598,WAT,2011
3599,WAT,2012
3600,WAT,2013
3601,WAT,2014
3602,WAT,2015
3603,WAT,2016
3604,WAT,2017
3605,WAT,2018
3606,WAT,2019
3607,WAT,2020
3608,NTAP,2010
3609,NTAP,2011
3610,NTAP,2012
3611,NTAP,2013
3612,NTAP,2014
3613,NTAP,2015
3614,NTAP,2016
3615,NTAP,2017
3616,NTAP,2018
3617,NTAP,2019
3618,HIG,2011
3619,HIG,2012
3620,HIG,2013
3621,HIG,2014
3622,HIG,2015
3623,HIG,2016
3624,HIG,2017
3625,HIG,2018
3626,HIG,2019
3627,HIG,2020
3628,IRM,2011
3629,IRM,2012
3630,IRM,2013
3631,IRM,2014
3632,IRM,2015
3633,IRM,2016
3634,IRM,2017
3635,IRM,2018
3636,IRM,2019
3637,IRM,2020
3638,TRV,2011
3639,TRV,2012
3640,TRV,2013
3641,TRV,2014
3642,TRV,2015
3643,TRV,2016
3644,TRV,2017
3645,TRV,2018
3646,TRV,2019
3647,TRV,2020
3648,ANSS,2011
3649,ANSS,2012
3650,ANSS,2013
3651,ANSS,2014
3652,ANSS,2015
3653,ANSS,2016
3654,ANSS,2017
3655,ANSS,2018
3656,ANSS,2019
3657,ANSS,2020
3658,FDS,2011
3659,FDS,2012
3660,FDS,2013
3661,FDS,2014
3662,FDS,2015
3663,FDS,2016
3664,FDS,2017
3665,FDS,2018
3666,FDS,2019
3667,FDS,2020
3668,STLD,2011
3669,STLD,2012
3670,STLD,2013
3671,STLD,2014
3672,STLD,2015
3673,STLD,2016
3674,STLD,2017
3675,STLD,2018
3676,STLD,2019
3677,STLD,2020
3678,DGX,2011
3679,DGX,2012
3680,DGX,2013
3681,DGX,2014
3682,DGX,2015
3683,DGX,2016
3684,DGX,2017
3685,DGX,2018
3686,DGX,2019
3687,DGX,2020
3688,KMX,2010
3689,KMX,2011
3690,KMX,2012
3691,KMX,2013
3692,KMX,2014
3693,KMX,2015
3694,KMX,2016
3695,KMX,2017
3696,KMX,2018
3697,KMX,2019
3698,TTWO,2011
3699,TTWO,2012
3700,TTWO,2013
3701,TTWO,2014
3702,TTWO,2015
3703,TTWO,2016
3704,TTWO,2017
3705,TTWO,2018
3706,TTWO,2019
3707,AMZN,2011
3708,AMZN,2012
3709,AMZN,2013
3710,AMZN,2014
3711,AMZN,2015
3712,AMZN,2016
3713,AMZN,2017
3714,AMZN,2018
3715,AMZN,2019
3716,AMZN,2020
3717,ARE,2011
3718,ARE,2012
3719,ARE,2013
3720,ARE,2014
3721,ARE,2015
3722,ARE,2016
3723,ARE,2017
3724,ARE,2018
3725,ARE,2019
3726,ARE,2020
3727,QRVO,2010
3728,QRVO,2011
3729,QRVO,2012
3730,QRVO,2013
3731,QRVO,2014
3732,QRVO,2015
3733,QRVO,2016
3734,QRVO,2017
3735,QRVO,2018
3736,QRVO,2019
3737,RL,2010
3738,RL,2011
3739,RL,2012
3740,RL,2013
3741,RL,2014
3742,RL,2015
3743,RL,2016
3744,RL,2017
3745,RL,2018
3746,RL,2019
3747,BXP,2011
3748,BXP,2012
3749,BXP,2013
3750,BXP,2014
3751,BXP,2015
3752,BXP,2016
3753,BXP,2017
3754,BXP,2018
3755,BXP,2019
3756,BXP,2020
3757,YUM,2011
3758,YUM,2012
3759,YUM,2013
3760,YUM,2014
3761,YUM,2015
3762,YUM,2016
3763,YUM,2017
3764,YUM,2018
3765,YUM,2019
3766,YUM,2020
3767,CHRW,2011
3768,CHRW,2012
3769,CHRW,2013
3770,CHRW,2014
3771,CHRW,2015
3772,CHRW,2016
3773,CHRW,2017
3774,CHRW,2018
3775,CHRW,2019
3776,CHRW,2020
3777,MTD,2011
3778,MTD,2012
3779,MTD,2013
3780,MTD,2014
3781,MTD,2015
3782,MTD,2016
3783,MTD,2017
3784,MTD,2018
3785,MTD,2019
3786,MTD,2020
3787,URI,2011
3788,URI,2012
3789,URI,2013
3790,URI,2014
3791,URI,2015
3792,URI,2016
3793,URI,2017
3794,URI,2018
3795,URI,2019
3796,URI,2020
3797,VRSN,2011
3798,VRSN,2012
3799,VRSN,2013
3800,VRSN,2014
3801,VRSN,2015
3802,VRSN,2016
3803,VRSN,2017
3804,VRSN,2018
3805,VRSN,2019
3806,VRSN,2020
3807,PWR,2011
3808,PWR,2012
3809,PWR,2013
3810,PWR,2014
3811,PWR,2015
3812,PWR,2016
3813,PWR,2017
3814,PWR,2018
3815,PWR,2019
3816,PWR,2020
3817,AMCR,2011
3818,AMCR,2012
3819,AMCR,2013
3820,AMCR,2014
3821,AMCR,2015
3822,AMCR,2016
3823,AMCR,2017
3824,AMCR,2018
3825,AMCR,2019
3826,AMCR,2020
3827,NCLH,2011
3828,NCLH,2012
3829,NCLH,2013
3830,NCLH,2014
3831,NCLH,2015
3832,NCLH,2016
3833,NCLH,2017
3834,NCLH,2018
3835,NCLH,2019
3836,NCLH,2020
3837,AMT,2011
3838,AMT,2012
3839,AMT,2013
3840,AMT,2014
3841,AMT,2015
3842,AMT,2016
3843,AMT,2017
3844,AMT,2018
3845,AMT,2019
3846,AMT,2020
3847,VTR,2011
3848,VTR,2012
3849,VTR,2013
3850,VTR,2014
3851,VTR,2015
3852,VTR,2016
3853,VTR,2017
3854,VTR,2018
3855,VTR,2019
3856,VTR,2020
3857,CTSH,2011
3858,CTSH,2012
3859,CTSH,2013
3860,CTSH,2014
3861,CTSH,2015
3862,CTSH,2016
3863,CTSH,2017
3864,CTSH,2018
3865,CTSH,2019
3866,CTSH,2020
3867,CSGP,2011
3868,CSGP,2012
3869,CSGP,2013
3870,CSGP,2014
3871,CSGP,2015
3872,CSGP,2016
3873,CSGP,2017
3874,CSGP,2018
3875,CSGP,2019
3876,CSGP,2020
3877,RSG,2011
3878,RSG,2012
3879,RSG,2013
3880,RSG,2014
3881,RSG,2015
3882,RSG,2016
3883,RSG,2017
3884,RSG,2018
3885,RSG,2019
3886,RSG,2020
3887,CCI,2011
3888,CCI,2012
3889,CCI,2013
3890,CCI,2014
3891,CCI,2015
3892,CCI,2016
3893,CCI,2017
3894,CCI,2018
3895,CCI,2019
3896,CCI,2020
3897,EBAY,2011
3898,EBAY,2012
3899,EBAY,2013
3900,EBAY,2014
3901,EBAY,2015
3902,EBAY,2016
3903,EBAY,2017
3904,EBAY,2018
3905,EBAY,2019
3906,EBAY,2020
3907,GS,2011
3908,GS,2012
3909,GS,2013
3910,GS,2014
3911,GS,2015
3912,GS,2016
3913,GS,2017
3914,GS,2018
3915,GS,2019
3916,GS,2020
3917,NVDA,2010
3918,NVDA,2011
3919,NVDA,2012
3920,NVDA,2013
3921,NVDA,2014
3922,NVDA,2015
3923,NVDA,2016
3924,NVDA,2017
3925,NVDA,2018
3926,NVDA,2019
3927,NVDA,2020
3928,APTV,2011
3929,APTV,2012
3930,APTV,2013
3931,APTV,2014
3932,APTV,2015
3933,APTV,2016
3934,APTV,2017
3935,APTV,2018
3936,APTV,2019
3937,APTV,2020
3938,BKNG,2011
3939,BKNG,2012
3940,BKNG,2013
3941,BKNG,2014
3942,BKNG,2015
3943,BKNG,2016
3944,BKNG,2017
3945,BKNG,2018
3946,BKNG,2019
3947,BKNG,2020
3948,FFIV,2011
3949,FFIV,2012
3950,FFIV,2013
3951,FFIV,2014
3952,FFIV,2015
3953,FFIV,2016
3954,FFIV,2017
3955,FFIV,2018
3956,FFIV,2019
3957,FFIV,2020
3958,SBAC,2011
3959,SBAC,2012
3960,SBAC,2013
3961,SBAC,2014
3962,SBAC,2015
3963,SBAC,2016
3964,SBAC,2017
3965,SBAC,2018
3966,SBAC,2019
3967,SBAC,2020
3968,JNPR,2011
3969,JNPR,2012
3970,JNPR,2013
3971,JNPR,2014
3972,JNPR,2015
3973,JNPR,2016
3974,JNPR,2017
3975,JNPR,2018
3976,JNPR,2019
3977,JNPR,2020
3978,BLK,2011
3979,BLK,2012
3980,BLK,2013
3981,BLK,2014
3982,BLK,2015
3983,BLK,2016
3984,BLK,2017
3985,BLK,2018
3986,BLK,2019
3987,BLK,2020
3988,AKAM,2011
3989,AKAM,2012
3990,AKAM,2013
3991,AKAM,2014
3992,AKAM,2015
3993,AKAM,2016
3994,AKAM,2017
3995,AKAM,2018
3996,AKAM,2019
3997,AKAM,2020
3998,CHTR,2011
3999,CHTR,2012
4000,CHTR,2013
4001,CHTR,2014
4002,CHTR,2015
4003,CHTR,2016
4004,CHTR,2017
4005,CHTR,2018
4006,CHTR,2019
4007,CHTR,2020
4008,EXPE,2011
4009,EXPE,2012
4010,EXPE,2013
4011,EXPE,2014
4012,EXPE,2015
4013,EXPE,2016
4014,EXPE,2017
4015,EXPE,2018
4016,EXPE,2019
4017,EXPE,2020
4018,A,2011
4019,A,2012
4020,A,2013
4021,A,2014
4022,A,2015
4023,A,2016
4024,A,2017
4025,A,2018
4026,A,2019
4027,A,2020
4028,TDY,2011
4029,TDY,2012
4030,TDY,2013
4031,TDY,2014
4032,TDY,2015
4033,TDY,2016
4034,TDY,2017
4035,TDY,2018
4036,TDY,2019
4037,TDY,2020
4038,PKG,2011
4039,PKG,2012
4040,PKG,2013
4041,PKG,2014
4042,PKG,2015
4043,PKG,2016
4044,PKG,2017
4045,PKG,2018
4046,PKG,2019
4047,PKG,2020
4048,EW,2011
4049,EW,2012
4050,EW,2013
4051,EW,2014
4052,EW,2015
4053,EW,2016
4054,EW,2017
4055,EW,2018
4056,EW,2019
4057,EW,2020
4058,MET,2011
4059,MET,2012
4060,MET,2013
4061,MET,2014
4062,MET,2015
4063,MET,2016
4064,MET,2017
4065,MET,2018
4066,MET,2019
4067,MET,2020
4068,ON,2011
4069,ON,2012
4070,ON,2013
4071,ON,2014
4072,ON,2015
4073,ON,2016
4074,ON,2017
4075,ON,2018
4076,ON,2019
4077,ON,2020
4078,NRG,2011
4079,NRG,2012
4080,NRG,2013
4081,NRG,2014
4082,NRG,2015
4083,NRG,2016
4084,NRG,2017
4085,NRG,2018
4086,NRG,2019
4087,NRG,2020
4088,ISRG,2011
4089,ISRG,2012
4090,ISRG,2013
4091,ISRG,2014
4092,ISRG,2015
4093,ISRG,2016
4094,ISRG,2017
4095,ISRG,2018
4096,ISRG,2019
4097,ISRG,2020
4098,CRL,2011
4099,CRL,2012
4100,CRL,2013
4101,CRL,2014
4102,CRL,2015
4103,CRL,2016
4104,CRL,2017
4105,CRL,2018
4106,CRL,2019
4107,CRL,2020
4108,ILMN,2011
4109,ILMN,2012
4110,ILMN,2013
4111,ILMN,2014
4112,ILMN,2015
4113,ILMN,2016
4114,ILMN,2017
4115,ILMN,2018
4116,ILMN,2019
4117,ILMN,2020
4118,EQIX,2011
4119,EQIX,2012
4120,EQIX,2013
4121,EQIX,2014
4122,EQIX,2015
4123,EQIX,2016
4124,EQIX,2017
4125,EQIX,2018
4126,EQIX,2019
4127,EQIX,2020
4128,MCO,2011
4129,MCO,2012
4130,MCO,2013
4131,MCO,2014
4132,MCO,2015
4133,MCO,2016
4134,MCO,2017
4135,MCO,2018
4136,MCO,2019
4137,MCO,2020
4138,TPR,2011
4139,TPR,2012
4140,TPR,2013
4141,TPR,2014
4142,TPR,2015
4143,TPR,2016
4144,TPR,2017
4145,TPR,2018
4146,TPR,2019
4147,TPR,2020
4148,ALGN,2011
4149,ALGN,2012
4150,ALGN,2013
4151,ALGN,2014
4152,ALGN,2015
4153,ALGN,2016
4154,ALGN,2017
4155,ALGN,2018
4156,ALGN,2019
4157,ALGN,2020
4158,GRMN,2011
4159,GRMN,2012
4160,GRMN,2013
4161,GRMN,2014
4162,GRMN,2015
4163,GRMN,2016
4164,GRMN,2017
4165,GRMN,2018
4166,GRMN,2019
4167,GRMN,2020
4168,GPN,2010
4169,GPN,2011
4170,GPN,2012
4171,GPN,2013
4172,GPN,2014
4173,GPN,2015
4174,GPN,2016
4175,GPN,2017
4176,GPN,2018
4177,GPN,2019
4178,GPN,2020
4179,MDLZ,2011
4180,MDLZ,2012
4181,MDLZ,2013
4182,MDLZ,2014
4183,MDLZ,2015
4184,MDLZ,2016
4185,MDLZ,2017
4186,MDLZ,2018
4187,MDLZ,2019
4188,MDLZ,2020
4189,PRU,2011
4190,PRU,2012
4191,PRU,2013
4192,PRU,2014
4193,PRU,2015
4194,PRU,2016
4195,PRU,2017
4196,PRU,2018
4197,PRU,2019
4198,PRU,2020
4199,ACN,2011
4200,ACN,2012
4201,ACN,2013
4202,ACN,2014
4203,ACN,2015
4204,ACN,2016
4205,ACN,2017
4206,ACN,2018
4207,ACN,2019
4208,ACN,2020
4209,WTW,2011
4210,WTW,2012
4211,WTW,2013
4212,WTW,2014
4213,WTW,2015
4214,WTW,2016
4215,WTW,2017
4216,WTW,2018
4217,WTW,2019
4218,WTW,2020
4219,ZBH,2011
4220,ZBH,2012
4221,ZBH,2013
4222,ZBH,2014
4223,ZBH,2015
4224,ZBH,2016
4225,ZBH,2017
4226,ZBH,2018
4227,ZBH,2019
4228,ZBH,2020
4229,ELV,2011
4230,ELV,2012
4231,ELV,2013
4232,ELV,2014
4233,ELV,2015
4234,ELV,2016
4235,ELV,2017
4236,ELV,2018
4237,ELV,2019
4238,ELV,2020
4239,CNC,2011
4240,CNC,2012
4241,CNC,2013
4242,CNC,2014
4243,CNC,2015
4244,CNC,2016
4245,CNC,2017
4246,CNC,2018
4247,CNC,2019
4248,CNC,2020
4249,PFG,2011
4250,PFG,2012
4251,PFG,2013
4252,PFG,2014
4253,PFG,2015
4254,PFG,2016
4255,PFG,2017
4256,PFG,2018
4257,PFG,2019
4258,PFG,2020
4259,AAP,2011
4260,AAP,2012
4261,AAP,2013
4262,AAP,2014
4263,AAP,2015
4264,AAP,2016
4265,AAP,2017
4266,AAP,2018
4267,AAP,2019
4268,AAP,2020
4269,NFLX,2011
4270,NFLX,2012
4271,NFLX,2013
4272,NFLX,2014
4273,NFLX,2015
4274,NFLX,2016
4275,NFLX,2017
4276,NFLX,2018
4277,NFLX,2019
4278,NFLX,2020
4279,TDG,2011
4280,TDG,2012
4281,TDG,2013
4282,TDG,2014
4283,TDG,2015
4284,TDG,2016
4285,TDG,2017
4286,TDG,2018
4287,TDG,2019
4288,TDG,2020
4289,CME,2011
4290,CME,2012
4291,CME,2013
4292,CME,2014
4293,CME,2015
4294,CME,2016
4295,CME,2017
4296,CME,2018
4297,CME,2019
4298,CME,2020
4299,WYNN,2011
4300,WYNN,2012
4301,WYNN,2013
4302,WYNN,2014
4303,WYNN,2015
4304,WYNN,2016
4305,WYNN,2017
4306,WYNN,2018
4307,WYNN,2019
4308,WYNN,2020
4309,NDAQ,2011
4310,NDAQ,2012
4311,NDAQ,2013
4312,NDAQ,2014
4313,NDAQ,2015
4314,NDAQ,2016
4315,NDAQ,2017
4316,NDAQ,2018
4317,NDAQ,2019
4318,NDAQ,2020
4319,STX,2011
4320,STX,2012
4321,STX,2013
4322,STX,2014
4323,STX,2015
4324,STX,2016
4325,STX,2017
4326,STX,2018
4327,STX,2019
4328,STX,2020
4329,MOH,2011
4330,MOH,2012
4331,MOH,2013
4332,MOH,2014
4333,MOH,2015
4334,MOH,2016
4335,MOH,2017
4336,MOH,2018
4337,MOH,2019
4338,MOH,2020
4339,LKQ,2011
4340,LKQ,2012
4341,LKQ,2013
4342,LKQ,2014
4343,LKQ,2015
4344,LKQ,2016
4345,LKQ,2017
4346,LKQ,2018
4347,LKQ,2019
4348,LKQ,2020
4349,AIZ,2011
4350,AIZ,2012
4351,AIZ,2013
4352,AIZ,2014
4353,AIZ,2015
4354,AIZ,2016
4355,AIZ,2017
4356,AIZ,2018
4357,AIZ,2019
4358,AIZ,2020
4359,CRM,2010
4360,CRM,2011
4361,CRM,2012
4362,CRM,2013
4363,CRM,2014
4364,CRM,2015
4365,CRM,2016
4366,CRM,2017
4367,CRM,2018
4368,CRM,2019
4369,CRM,2020
4370,MKTX,2011
4371,MKTX,2012
4372,MKTX,2013
4373,MKTX,2014
4374,MKTX,2015
4375,MKTX,2016
4376,MKTX,2017
4377,MKTX,2018
4378,MKTX,2019
4379,MKTX,2020
4380,DPZ,2011
4381,DPZ,2012
4382,DPZ,2013
4383,DPZ,2014
4384,DPZ,2015
4385,DPZ,2016
4386,DPZ,2017
4387,DPZ,2018
4388,DPZ,2019
4389,DPZ,2020
4390,MA,2011
4391,MA,2012
4392,MA,2013
4393,MA,2014
4394,MA,2015
4395,MA,2016
4396,MA,2017
4397,MA,2018
4398,MA,2019
4399,MA,2020
4400,GOOGL,2011
4401,GOOGL,2012
4402,GOOGL,2013
4403,GOOGL,2014
4404,GOOGL,2015
4405,GOOGL,2016
4406,GOOGL,2017
4407,GOOGL,2018
4408,GOOGL,2019
4409,GOOGL,2020
4410,EXR,2011
4411,EXR,2012
4412,EXR,2013
4413,EXR,2014
4414,EXR,2015
4415,EXR,2016
4416,EXR,2017
4417,EXR,2018
4418,EXR,2019
4419,EXR,2020
4420,SBNY,2011
4421,SBNY,2012
4422,SBNY,2013
4423,SBNY,2014
4424,SBNY,2015
4425,SBNY,2016
4426,SBNY,2017
4427,SBNY,2018
4428,SBNY,2019
4429,SBNY,2020
4430,MPWR,2011
4431,MPWR,2012
4432,MPWR,2013
4433,MPWR,2014
4434,MPWR,2015
4435,MPWR,2016
4436,MPWR,2017
4437,MPWR,2018
4438,MPWR,2019
4439,MPWR,2020
4440,DLR,2011
4441,DLR,2012
4442,DLR,2013
4443,DLR,2014
4444,DLR,2015
4445,DLR,2016
4446,DLR,2017
4447,DLR,2018
4448,DLR,2019
4449,DLR,2020
4450,LVS,2011
4451,LVS,2012
4452,LVS,2013
4453,LVS,2014
4454,LVS,2015
4455,LVS,2016
4456,LVS,2017
4457,LVS,2018
4458,LVS,2019
4459,LVS,2020
4460,MOS,2010
4461,MOS,2011
4462,MOS,2012
4463,MOS,2013
4464,MOS,2014
4465,MOS,2015
4466,MOS,2016
4467,MOS,2017
4468,MOS,2018
4469,MOS,2019
4470,MOS,2020
4471,CE,2011
4472,CE,2012
4473,CE,2013
4474,CE,2014
4475,CE,2015
4476,CE,2016
4477,CE,2017
4478,CE,2018
4479,CE,2019
4480,CE,2020
4481,DXCM,2011
4482,DXCM,2012
4483,DXCM,2013
4484,DXCM,2014
4485,DXCM,2015
4486,DXCM,2016
4487,DXCM,2017
4488,DXCM,2018
4489,DXCM,2019
4490,DXCM,2020
4491,ICE,2011
4492,ICE,2012
4493,ICE,2013
4494,ICE,2014
4495,ICE,2015
4496,ICE,2016
4497,ICE,2017
4498,ICE,2018
4499,ICE,2019
4500,ICE,2020
4501,CF,2011
4502,CF,2012
4503,CF,2013
4504,CF,2014
4505,CF,2015
4506,CF,2016
4507,CF,2017
4508,CF,2018
4509,CF,2019
4510,CF,2020
4511,WBD,2011
4512,WBD,2012
4513,WBD,2013
4514,WBD,2014
4515,WBD,2015
4516,WBD,2016
4517,WBD,2017
4518,WBD,2018
4519,WBD,2019
4520,WBD,2020
4521,AMP,2011
4522,AMP,2012
4523,AMP,2013
4524,AMP,2014
4525,AMP,2015
4526,AMP,2016
4527,AMP,2017
4528,AMP,2018
4529,AMP,2019
4530,AMP,2020
4531,LDOS,2010
4532,LDOS,2011
4533,LDOS,2012
4534,LDOS,2013
4535,LDOS,2014
4536,LDOS,2015
4537,LDOS,2016
4538,LDOS,2017
4539,LDOS,2018
4540,LDOS,2019
4541,LDOS,2020
4542,LYV,2011
4543,LYV,2012
4544,LYV,2013
4545,LYV,2014
4546,LYV,2015
4547,LYV,2016
4548,LYV,2017
4549,LYV,2018
4550,LYV,2019
4551,LYV,2020
4552,CMG,2011
4553,CMG,2012
4554,CMG,2013
4555,CMG,2014
4556,CMG,2015
4557,CMG,2016
4558,CMG,2017
4559,CMG,2018
4560,CMG,2019
4561,CMG,2020
4562,FIS,2011
4563,FIS,2012
4564,FIS,2013
4565,FIS,2014
4566,FIS,2015
4567,FIS,2016
4568,FIS,2017
4569,FIS,2018
4570,FIS,2019
4571,FIS,2020
4572,META,2011
4573,META,2012
4574,META,2013
4575,META,2014
4576,META,2015
4577,META,2016
4578,META,2017
4579,META,2018
4580,META,2019
4581,META,2020
4582,FANG,2011
4583,FANG,2012
4584,FANG,2013
4585,FANG,2014
4586,FANG,2015
4587,FANG,2016
4588,FANG,2017
4589,FANG,2018
4590,FANG,2019
4591,FANG,2020
4592,PSX,2011
4593,PSX,2012
4594,PSX,2013
4595,PSX,2014
4596,PSX,2015
4597,PSX,2016
4598,PSX,2017
4599,PSX,2018
4600,PSX,2019
4601,PSX,2020
4602,NOW,2011
4603,NOW,2012
4604,NOW,2013
4605,NOW,2014
4606,NOW,2015
4607,NOW,2016
4608,NOW,2017
4609,NOW,2018
4610,NOW,2019
4611,NOW,2020
4612,FSLR,2011
4613,FSLR,2012
4614,FSLR,2013
4615,FSLR,2014
4616,FSLR,2015
4617,FSLR,2016
4618,FSLR,2017
4619,FSLR,2018
4620,FSLR,2019
4621,FSLR,2020
4622,BR,2011
4623,BR,2012
4624,BR,2013
4625,BR,2014
4626,BR,2015
4627,BR,2016
4628,BR,2017
4629,BR,2018
4630,BR,2019
4631,BR,2020
4632,TEL,2011
4633,TEL,2012
4634,TEL,2013
4635,TEL,2014
4636,TEL,2015
4637,TEL,2016
4638,TEL,2017
4639,TEL,2018
4640,TEL,2019
4641,TEL,2020
4642,DFS,2011
4643,DFS,2012
4644,DFS,2013
4645,DFS,2014
4646,DFS,2015
4647,DFS,2016
4648,DFS,2017
4649,DFS,2018
4650,DFS,2019
4651,DFS,2020
4652,MSCI,2011
4653,MSCI,2012
4654,MSCI,2013
4655,MSCI,2014
4656,MSCI,2015
4657,MSCI,2016
4658,MSCI,2017
4659,MSCI,2018
4660,MSCI,2019
4661,MSCI,2020
4662,ULTA,2010
4663,ULTA,2011
4664,ULTA,2012
4665,ULTA,2013
4666,ULTA,2014
4667,ULTA,2015
4668,ULTA,2016
4669,ULTA,2017
4670,ULTA,2018
4671,ULTA,2019
4672,ULTA,2020
4673,AWK,2011
4674,AWK,2012
4675,AWK,2013
4676,AWK,2014
4677,AWK,2015
4678,AWK,2016
4679,AWK,2017
4680,AWK,2018
4681,AWK,2019
4682,AWK,2020
4683,V,2011
4684,V,2012
4685,V,2013
4686,V,2014
4687,V,2015
4688,V,2016
4689,V,2017
4690,V,2018
4691,V,2019
4692,V,2020
4693,PM,2011
4694,PM,2012
4695,PM,2013
4696,PM,2014
4697,PM,2015
4698,PM,2016
4699,PM,2017
4700,PM,2018
4701,PM,2019
4702,PM,2020
4703,ATVI,2011
4704,ATVI,2012
4705,ATVI,2013
4706,ATVI,2014
4707,ATVI,2015
4708,ATVI,2016
4709,ATVI,2017
4710,ATVI,2018
4711,ATVI,2019
4712,ATVI,2020
4713,VRSK,2011
4714,VRSK,2012
4715,VRSK,2013
4716,VRSK,2014
4717,VRSK,2015
4718,VRSK,2016
4719,VRSK,2017
4720,VRSK,2018
4721,VRSK,2019
4722,VRSK,2020
4723,AVGO,2011
4724,AVGO,2012
4725,AVGO,2013
4726,AVGO,2014
4727,AVGO,2015
4728,AVGO,2016
4729,AVGO,2017
4730,AVGO,2018
4731,AVGO,2019
4732,AVGO,2020
4733,FTNT,2011
4734,FTNT,2012
4735,FTNT,2013
4736,FTNT,2014
4737,FTNT,2015
4738,FTNT,2016
4739,FTNT,2017
4740,FTNT,2018
4741,FTNT,2019
4742,FTNT,2020
4743,GNRC,2011
4744,GNRC,2012
4745,GNRC,2013
4746,GNRC,2014
4747,GNRC,2015
4748,GNRC,2016
4749,GNRC,2017
4750,GNRC,2018
4751,GNRC,2019
4752,GNRC,2020
4753,CBOE,2011
4754,CBOE,2012
4755,CBOE,2013
4756,CBOE,2014
4757,CBOE,2015
4758,CBOE,2016
4759,CBOE,2017
4760,CBOE,2018
4761,CBOE,2019
4762,CBOE,2020
4763,FLT,2011
4764,FLT,2012
4765,FLT,2013
4766,FLT,2014
4767,FLT,2015
4768,FLT,2016
4769,FLT,2017
4770,FLT,2018
4771,FLT,2019
4772,FLT,2020
4773,NXPI,2011
4774,NXPI,2012
4775,NXPI,2013
4776,NXPI,2014
4777,NXPI,2015
4778,NXPI,2016
4779,NXPI,2017
4780,NXPI,2018
4781,NXPI,2019
4782,NXPI,2020
4783,TSLA,2011
4784,TSLA,2012
4785,TSLA,2013
4786,TSLA,2014
4787,TSLA,2015
4788,TSLA,2016
4789,TSLA,2017
4790,TSLA,2018
4791,TSLA,2019
4792,TSLA,2020
4793,TRGP,2011
4794,TRGP,2012
4795,TRGP,2013
4796,TRGP,2014
4797,TRGP,2015
4798,TRGP,2016
4799,TRGP,2017
4800,TRGP,2018
4801,TRGP,2019
4802,TRGP,2020
4803,HII,2011
4804,HII,2012
4805,HII,2013
4806,HII,2014
4807,HII,2015
4808,HII,2016
4809,HII,2017
4810,HII,2018
4811,HII,2019
4812,HII,2020
4813,MPC,2011
4814,MPC,2012
4815,MPC,2013
4816,MPC,2014
4817,MPC,2015
4818,MPC,2016
4819,MPC,2017
4820,MPC,2018
4821,MPC,2019
4822,MPC,2020
4823,ENPH,2011
4824,ENPH,2012
4825,ENPH,2013
4826,ENPH,2014
4827,ENPH,2015
4828,ENPH,2016
4829,ENPH,2017
4830,ENPH,2018
4831,ENPH,2019
4832,ENPH,2020
4833,EPAM,2011
4834,EPAM,2012
4835,EPAM,2013
4836,EPAM,2014
4837,EPAM,2015
4838,EPAM,2016
4839,EPAM,2017
4840,EPAM,2018
4841,EPAM,2019
4842,EPAM,2020
4843,XYL,2011
4844,XYL,2012
4845,XYL,2013
4846,XYL,2014
4847,XYL,2015
4848,XYL,2016
4849,XYL,2017
4850,XYL,2018
4851,XYL,2019
4852,XYL,2020
4853,CBRE,2011
4854,CBRE,2012
4855,CBRE,2013
4856,CBRE,2014
4857,CBRE,2015
4858,CBRE,2016
4859,CBRE,2017
4860,CBRE,2018
4861,CBRE,2019
4862,CBRE,2020
4863,LYB,2011
4864,LYB,2012
4865,LYB,2013
4866,LYB,2014
4867,LYB,2015
4868,LYB,2016
4869,LYB,2017
4870,LYB,2018
4871,LYB,2019
4872,LYB,2020
4873,ALLE,2012
4874,ALLE,2013
4875,ALLE,2014
4876,ALLE,2015
4877,ALLE,2016
4878,ALLE,2017
4879,ALLE,2018
4880,ALLE,2019
4881,ALLE,2020
