EXECRANK,CO_PER_ROL,CONAME,CEOANN,SALARY,BONUS,TOTAL_SEC,TOTAL_CURR,TOTAL_ALT1,TOTAL_ALT2,TERM_PYMT,TDC1,TDC2,SAL_PCT,TOTAL_CURR_PCT,TOTAL_SEC_PCT,TOTAL_ALT1_PCT,TOTAL_ALT2_PCT,TDC1_PCT,TDC2_PCT,RET_YRS,GVKEY,YEAR,BECAMECEO,JOINED_CO,REJOIN,LEFTOFC,LEFTCO,RELEFT,PCEO,REASON,EXEC_LNAME,EXEC_FNAME,GENDER,CUSIP,TICKER,SIC
,25016,HONEYWELL INTERNATIONAL INC,CEO,1800,4300,20154.012,6100,20154.012,17471.547,18039.42,15216.953,12534.488,0,238.889,52.414,52.414,572.976,15.078,83.021,,1300,2010,6/1/02,2/18/02,,3/31/17,,,,,Cote,David,MALE,43851610,HON,9997
,26784,HONEYWELL INTERNATIONAL INC,,900,1150,9159.621,2050,9159.621,3613.121,5445.576,7794.645,5338.895,0,127.778,40.417,40.417,-36.362,91.272,139.421,,1300,2010,,6/23/03,,,,,,,"Anderson, B.S., M.B.",David,MALE,43851610,HON,9997
,28530,HONEYWELL INTERNATIONAL INC,,1050,1300,8465.384,2350,8465.384,7623.676,21045.996,8065.006,6617.065,0,123.81,75.694,75.694,84.858,83.777,160.184,,1300,2010,,,,,,,,,Fradin,Roger,MALE,43851610,HON,9997
,38781,HONEYWELL INTERNATIONAL INC,,550,750,10092.186,1300,10092.186,2162.213,1715.405,9951.321,8888.804,0,136.364,269.409,269.409,100.379,285.337,531.195,,1300,2010,,,,,,,,,Kramvis,Andreas,MALE,43851610,HON,9997
,43254,HONEYWELL INTERNATIONAL INC,,660,700,6408.363,1360,6408.363,2523.048,2256.336,5695.716,3820.416,,,,,,,,,1300,2010,,,,,,,,,Mahoney,Timothy,MALE,43851610,HON,9997
,25016,HONEYWELL INTERNATIONAL INC,CEO,1800,4300,37842.723,6100,37842.723,58259.387,19778.764,35813.31,48902.696,0,0,87.768,87.768,233.453,135.351,290.145,,1300,2011,6/1/02,2/18/02,,3/31/17,,,,,Cote,David,MALE,43851610,HON,9997
,26784,HONEYWELL INTERNATIONAL INC,,900,1225,13080.225,2125,13080.225,11641.6,5447.155,11338.179,7886.929,0,3.659,42.803,42.803,222.203,45.461,47.726,,1300,2011,,6/23/03,,,,,,,"Anderson, B.S., M.B.",David,MALE,43851610,HON,9997
,28530,HONEYWELL INTERNATIONAL INC,,1050,1300,11824.093,2350,11824.093,10066.89,22249.883,11449.244,9692.041,0,0,39.676,39.676,32.048,41.962,46.47,,1300,2011,,,,,,,,,Fradin,Roger,MALE,43851610,HON,9997
,38781,HONEYWELL INTERNATIONAL INC,,623.846,875,7459.461,1498.846,7459.461,6840.806,2042.24,7316.182,5119.932,13.427,15.296,-26.087,-26.087,216.38,-26.48,-42.4,,1300,2011,,,,,,,,,Kramvis,Andreas,MALE,43851610,HON,9997
,43254,HONEYWELL INTERNATIONAL INC,,763.385,800,8381.043,1563.385,8381.043,6731.742,3018.902,7466.477,4830.977,15.664,14.955,30.783,30.783,166.81,31.089,26.452,,1300,2011,,,,,,,,,Mahoney,Timothy,MALE,43851610,HON,9997
,25016,HONEYWELL INTERNATIONAL INC,CEO,1800,4800,33247.178,6600,33247.178,84834.008,18925.1,16765.328,30072.388,0,8.197,-12.144,-12.144,45.614,-53.187,-38.506,,1300,2012,6/1/02,2/18/02,,3/31/17,,,,,Cote,David,MALE,43851610,HON,9997
,26784,HONEYWELL INTERNATIONAL INC,,900,1225,8918.239,2125,8918.239,18685.545,5455.095,7805.804,17801.458,0,0,-31.819,-31.819,60.507,-31.155,125.708,,1300,2012,,6/23/03,,,,,,,"Anderson, B.S., M.B.",David,MALE,43851610,HON,9997
,28530,HONEYWELL INTERNATIONAL INC,,1050,1200,9076.138,2250,9076.138,13326.125,24149.549,8564.599,12615.374,0,-4.255,-23.24,-23.24,32.376,-25.195,30.162,,1300,2012,,,,,,,,,Fradin,Roger,MALE,43851610,HON,9997
,38781,HONEYWELL INTERNATIONAL INC,,687.5,950,6161.594,1637.5,6161.594,4969.252,2199.849,5970.086,5712.836,10.203,9.251,-17.399,-17.399,-27.359,-18.399,11.58,,1300,2012,,,,,,,,,Kramvis,Andreas,MALE,43851610,HON,9997
,43254,HONEYWELL INTERNATIONAL INC,,818.75,900,8116.737,1718.75,8116.737,4627.809,3242.792,6676.029,4851.014,7.253,9.938,-3.154,-3.154,-31.254,-10.587,0.415,,1300,2012,,,,,,,,,Mahoney,Timothy,MALE,43851610,HON,9997
,25016,HONEYWELL INTERNATIONAL INC,CEO,1800,5200,25973.246,7000,25973.246,47403.506,18702.036,25973.246,47403.506,0,6.061,-21.878,-21.878,-44.122,54.922,57.631,,1300,2013,6/1/02,2/18/02,,3/31/17,,,,,Cote,David,MALE,43851610,HON,9997
,26784,HONEYWELL INTERNATIONAL INC,,900,1225,7364.103,2125,7364.103,20068.21,5452.344,7364.103,16623.783,0,0,-17.426,-17.426,7.4,-5.659,-6.616,,1300,2013,,6/23/03,,,,,,,"Anderson, B.S., M.B.",David,MALE,43851610,HON,9997
,28530,HONEYWELL INTERNATIONAL INC,,1050,1200,22061.462,2250,22061.462,47799.552,3167.514,7235.579,32973.669,0,0,143.071,143.071,258.691,-15.518,161.377,,1300,2013,,,,,,,,,Fradin,Roger,MALE,43851610,HON,9997
,38781,HONEYWELL INTERNATIONAL INC,,700,950,6407.554,1650,6407.554,16834.58,2206.719,6315.087,13925.382,1.818,0.763,3.992,3.992,238.775,5.779,143.756,,1300,2013,,,,,,,,,Kramvis,Andreas,MALE,43851610,HON,9997
,43254,HONEYWELL INTERNATIONAL INC,,825,800,7137.453,1625,7137.453,9603.5,3160.353,6478.253,6209.189,0.763,-5.455,-12.065,-12.065,107.517,-2.962,27.998,,1300,2013,,,,,,,,,Mahoney,Timothy,MALE,43851610,HON,9997
,25016,HONEYWELL INTERNATIONAL INC,CEO,1865.769,5500,29142.121,7365.769,29142.121,50722.121,19077.632,23567.832,45147.832,3.654,5.225,12.201,12.201,7.001,-9.261,-4.758,,1300,2014,6/1/02,2/18/02,,3/31/17,,,,,Cote,David,MALE,43851610,HON,9997
,26784,HONEYWELL INTERNATIONAL INC,,398.077,510,2762.628,908.077,2762.628,41395.037,0,1182.507,35870.38,-55.769,-57.267,-62.485,-62.485,106.272,-83.942,115.777,,1300,2014,,6/23/03,,,,,,,"Anderson, B.S., M.B.",David,MALE,43851610,HON,9997
,28530,HONEYWELL INTERNATIONAL INC,,1050,1200,11589.729,2250,11160.57,21278.285,3167.074,8185.229,13156.763,0,0,-47.466,-49.411,-55.484,13.125,-60.099,,1300,2014,,,,,,,,,Fradin,Roger,MALE,43851610,HON,9997
,38781,HONEYWELL INTERNATIONAL INC,,806.731,950,7884.441,1756.731,6972.091,15884.638,2690.02,6741.273,5368.393,15.247,6.469,23.049,8.81,-5.643,6.749,-61.449,,1300,2014,,,,,,,,,Kramvis,Andreas,MALE,43851610,HON,9997
,43254,HONEYWELL INTERNATIONAL INC,,878.365,800,9567.785,1678.365,9567.785,5160.044,3095.547,7643.685,5848.843,6.468,3.284,34.05,34.05,-46.269,17.99,-5.803,,1300,2014,,,,,,,,,Mahoney,Timothy,MALE,43851610,HON,9997
,50000,HONEYWELL INTERNATIONAL INC,,754.75,700,5758.304,1454.75,5758.304,2429.311,2433.887,5649.514,4013.514,,,,,,,,,1300,2014,,,,,,,,,Szlosek,Thomas,MALE,43851610,HON,9997
,25016,HONEYWELL INTERNATIONAL INC,CEO,1890,5700,34527.344,7590,34527.344,67260.344,19338.354,33760.446,66493.446,1.299,3.044,18.479,18.479,32.606,43.248,47.279,,1300,2015,6/1/02,2/18/02,,3/31/17,,,,,Cote,David,MALE,43851610,HON,9997
,28530,HONEYWELL INTERNATIONAL INC,,1050,1300,9979.165,2350,9979.165,17098.834,3161.376,9889.119,13185.501,0,4.444,-13.896,-10.586,-19.642,20.817,0.218,,1300,2015,,,,,,,,,Fradin,Roger,MALE,43851610,HON,9997
,38781,HONEYWELL INTERNATIONAL INC,,850,1050,8111.661,1900,8111.661,11372.348,2661.215,7934.709,9106.475,5.363,8.155,2.882,16.345,-28.407,17.703,69.631,,1300,2015,,,,,,,,,Kramvis,Andreas,MALE,43851610,HON,9997
,43254,HONEYWELL INTERNATIONAL INC,,907.462,900,9527.196,1807.462,9527.196,8980.87,2819.04,8695.866,5680.616,3.313,7.692,-0.424,-0.424,74.046,13.765,-2.876,,1300,2015,,,,,,,,,Mahoney,Timothy,MALE,43851610,HON,9997
,50000,HONEYWELL INTERNATIONAL INC,,829.077,850,7089.916,1679.077,7089.916,11776.191,2543.369,6937.376,5711.366,9.848,15.42,23.125,23.125,384.754,22.796,42.303,,1300,2015,,,,,,,,,Szlosek,Thomas,MALE,43851610,HON,9997
,25016,HONEYWELL INTERNATIONAL INC,CEO,1890,5700,21261.501,7590,21261.501,60055.091,18831.968,17628.542,56422.132,0,0,-38.421,-38.421,-10.712,-47.783,-15.146,,1300,2016,6/1/02,2/18/02,,3/31/17,,,,,Cote,David,MALE,43851610,HON,9997
,43254,HONEYWELL INTERNATIONAL INC,,917.019,850,9560.314,1767.019,9560.314,7943.652,3028.101,8562.04,10445.992,1.053,-2.238,0.348,0.348,-11.549,-1.539,83.888,,1300,2016,,,,,,,,,Mahoney,Timothy,MALE,43851610,HON,9997
,50000,HONEYWELL INTERNATIONAL INC,,840,850,6994.115,1690,6994.115,8758.035,2542.945,6753.4,4416.4,1.317,0.651,-1.351,-1.351,-25.629,-2.652,-22.673,,1300,2016,,,,,,,,,Szlosek,Thomas,MALE,43851610,HON,9997
1,54028,HONEYWELL INTERNATIONAL INC,,1120.383,1450,10255.954,2570.383,10255.954,4531.38,4099.703,9906.021,6010.021,,,,,,,,,1300,2016,3/31/17,,,,,,CEO,,Adamczyk,Darius,MALE,43851610,HON,9997
,54029,HONEYWELL INTERNATIONAL INC,,717.678,725,7793.333,1442.678,7793.333,2669.633,7063.436,6610.293,4429.093,,,,,,,,,1300,2016,,,,,,,,,Mikkilineni,Krishna,MALE,43851610,HON,9997
,25016,HONEYWELL INTERNATIONAL INC,,900.962,0,20955.539,900.962,20955.539,243692.698,2850,20167.526,242904.685,-52.33,-88.13,-1.439,-1.439,305.782,14.403,330.513,,1300,2017,6/1/02,2/18/02,,3/31/17,,,,,Cote,David,MALE,43851610,HON,9997
,43254,HONEYWELL INTERNATIONAL INC,,963.615,0,9143.742,963.615,9143.742,49906.257,3158.748,7759.982,43590.09,5.081,-45.467,-4.357,-4.357,528.253,-9.368,317.29,,1300,2017,,,,,,,,,Mahoney,Timothy,MALE,43851610,HON,9997
,50000,HONEYWELL INTERNATIONAL INC,,865.039,0,7537.769,865.039,7537.769,5397.461,2669.101,7316.805,5518.605,2.981,-48.814,7.773,7.773,-38.371,8.343,24.957,,1300,2017,,,,,,,,,Szlosek,Thomas,MALE,43851610,HON,9997
,54028,HONEYWELL INTERNATIONAL INC,CEO,1414.615,0,16500.153,1414.615,20096.553,13557.714,12651.257,19789.152,12596.352,26.262,-44.965,60.884,95.95,199.196,99.769,109.589,,1300,2017,3/31/17,,,,,,CEO,,Adamczyk,Darius,MALE,43851610,HON,9997
,54029,HONEYWELL INTERNATIONAL INC,,785.769,0,8486.836,785.769,8486.836,9180.331,7898.793,6617.365,5956.276,9.488,-45.534,8.899,8.899,243.88,0.107,34.481,,1300,2017,,,,,,,,,Mikkilineni,Krishna,MALE,43851610,HON,9997
,58579,HONEYWELL INTERNATIONAL INC,,717.885,0,6664.387,717.885,6664.387,7691.669,2189.534,6088.658,4923.158,,,,,,,,,1300,2017,,,,,,,,,Gautam,Rajeev,MALE,43851610,HON,9997
,43254,HONEYWELL INTERNATIONAL INC,,992.788,0,9133.205,992.788,9133.205,16709.975,3239.75,9026.237,21182.905,3.027,3.027,-0.115,-0.115,-66.517,16.318,-51.404,,1300,2018,,,,,,,,,Mahoney,Timothy,MALE,43851610,HON,9997
,50000,HONEYWELL INTERNATIONAL INC,,560.481,0,6203.404,560.481,6203.404,21716.61,0,5973.788,25537.116,-35.207,-35.207,-17.702,-17.702,302.349,-18.355,362.746,,1300,2018,,,,,,,,,Szlosek,Thomas,MALE,43851610,HON,9997
,54028,HONEYWELL INTERNATIONAL INC,CEO,1571.154,0,19246.604,1571.154,19246.604,7131.438,13496.657,18651.522,15465.867,11.066,11.066,16.645,-4.229,-47.399,-5.749,22.781,,1300,2018,3/31/17,,,,,,CEO,,Adamczyk,Darius,MALE,43851610,HON,9997
,54029,HONEYWELL INTERNATIONAL INC,,810.673,0,7842.687,810.673,7842.687,6811.65,7756.345,7041.415,9947.682,3.169,3.169,-7.59,-7.59,-25.802,6.408,67.012,,1300,2018,,,,,,,,,Mikkilineni,Krishna,MALE,43851610,HON,9997
,58579,HONEYWELL INTERNATIONAL INC,,755.247,0,5633.663,755.247,,,,,,5.204,5.204,-15.466,,,,,,1300,2018,,,,,,,,,Gautam,Rajeev,MALE,43851610,HON,9997
3,60868,HONEYWELL INTERNATIONAL INC,,578.981,0,2606.493,578.981,2606.493,2903.554,2139.932,2503.338,1912.088,,,,,,,,,1300,2018,,,,,,,,,Lewis,Gregory,MALE,43851610,HON,9997
,62302,HONEYWELL INTERNATIONAL INC,,774.231,0,7026.646,774.231,7026.646,2334.069,4916.97,6599.958,5426.918,,,,,,,,,1300,2018,,,,,,,,,James,Mark,MALE,43851610,HON,9997
,43254,HONEYWELL INTERNATIONAL INC,,1021.346,0,10289.338,1021.346,10289.338,35593.817,3336.724,8868.82,27133.382,2.877,2.877,12.659,12.659,113.009,-1.744,28.091,,1300,2019,,,,,,,,,Mahoney,Timothy,MALE,43851610,HON,9997
,54028,HONEYWELL INTERNATIONAL INC,CEO,1600,0,20525.104,1600,20525.104,20606.254,13350.973,19776.997,17171.427,1.836,1.836,6.643,6.643,188.949,6.034,11.028,,1300,2019,3/31/17,,,,,,CEO,,Adamczyk,Darius,MALE,43851610,HON,9997
,58579,HONEYWELL INTERNATIONAL INC,,779.231,0,6531.163,779.231,6531.163,5050.226,2370.409,5845.324,4432.956,3.176,3.176,15.931,,,,,,1300,2019,,,,,,,,,Gautam,Rajeev,MALE,43851610,HON,9997
,60868,HONEYWELL INTERNATIONAL INC,,749.808,0,6644.633,749.808,6644.633,4115.901,2473.131,6458.694,5235.79,29.505,29.505,154.926,154.926,41.754,158.003,173.826,,1300,2019,,,,,,,,,Lewis,Gregory,MALE,43851610,HON,9997
,62302,HONEYWELL INTERNATIONAL INC,,794.231,0,8742.827,794.231,8742.827,10870.4,4828.242,6362.059,4962.609,2.583,2.583,24.424,24.424,365.727,-3.605,-8.556,,1300,2019,,,,,,,,,James,Mark,MALE,43851610,HON,9997
2,63148,HONEYWELL INTERNATIONAL INC,,757.019,0,6708.496,757.019,6708.496,4501.41,2523.786,6308.598,5085.694,,,,,,,,,1300,2019,,,,,,,,,Madden,Anne,FEMALE,43851610,HON,9997
,23940,FORD MOTOR CO,,4800,900,26460.998,5700,26460.998,15637.045,0,25235.498,17908.036,,,57.185,57.185,563.559,55.603,60.586,,4839,2010,10/30/01,,,9/1/06,,,,,"Ford, Jr.",William,MALE,34537086,F,3711
,30827,FORD MOTOR CO,,1337.5,1156.5,8818.892,2494,8818.891,7701.686,0,7575.388,6335.391,2.885,91.846,121.51,121.51,181.219,174.116,216.205,,4839,2010,7/1/14,,,5/22/17,,,,,Fields,Mark,MALE,34537086,F,3711
,32416,FORD MOTOR CO,CEO,1400,3150,26520.515,4550,26520.515,20826.019,9800,26520.515,19020.522,0,224.999,48.022,48.022,523.557,48.022,47.828,,4839,2010,9/1/06,,,7/1/14,,,,,Mulally,Alan,MALE,34537086,F,3711
,32418,FORD MOTOR CO,,1237.5,750,8196.821,1987.5,8196.821,9693.603,0,6794.366,8453.265,3.125,65.625,114.229,114.229,245.538,178.037,402.067,,4839,2010,,,,,,,,,"Booth, CBE",Lewis,MALE,34537086,F,3711
,40397,FORD MOTOR CO,,776.25,0,5916.261,776.25,5916.261,7692.411,0,4799.316,7399.673,3.5,3.5,53.573,53.573,219.416,90.438,279.441,,4839,2010,,,,,,,,,Fleming,John,MALE,34537086,F,3711
,23940,FORD MOTOR CO,,2000,520,14458.146,2520,14458.146,50554.357,0,11301.047,7801.054,-58.333,-55.789,-45.361,-45.361,223.299,-55.218,-56.438,,4839,2011,10/30/01,,,9/1/06,,,,,"Ford, Jr.",William,MALE,34537086,F,3711
,30827,FORD MOTOR CO,,1350,136.5,8840.183,1486.5,8840.183,13692.776,0,7451.581,10339.723,0.935,-40.397,0.241,0.241,77.789,-1.634,63.206,,4839,2011,7/1/14,,,5/22/17,,,,,Fields,Mark,MALE,34537086,F,3711
,32416,FORD MOTOR CO,CEO,2000,1820,29497.572,3820,29497.572,68247.702,0,29497.572,23740.08,42.857,-16.044,11.225,11.225,227.704,11.225,24.813,,4839,2011,9/1/06,,,7/1/14,,,,,Mulally,Alan,MALE,34537086,F,3711
,32418,FORD MOTOR CO,,1250,100,7731.816,1350,7731.816,7691.496,0,6709.826,5675.6,1.01,-32.075,-5.673,-5.673,-20.654,-1.244,-32.859,,4839,2011,,,,,,,,,"Booth, CBE",Lewis,MALE,34537086,F,3711
,45143,FORD MOTOR CO,,751.25,118.04,5302.36,869.29,5302.36,5126.407,0,4886.115,4706.386,,,,,,,,,4839,2011,,,,,,,,,Hinrichs,Joseph,MALE,34537086,F,3711
,23940,FORD MOTOR CO,,2000,375,14836.013,2375,14836.013,24386.437,0,11578.494,8078.495,0,-5.754,2.614,2.614,-51.762,2.455,3.556,,4839,2012,10/30/01,,,9/1/06,,,,,"Ford, Jr.",William,MALE,34537086,F,3711
,30827,FORD MOTOR CO,,1385.833,1301.25,8854.065,2687.083,8854.065,11949.972,0,5953.645,5266.274,2.654,80.766,0.157,0.157,-12.728,-20.102,-49.068,,4839,2012,7/1/14,,,5/22/17,,,,,Fields,Mark,MALE,34537086,F,3711
,32416,FORD MOTOR CO,CEO,2000,1325,20955.806,3325,20955.806,68443.381,0,20955.806,13923.597,0,-12.958,-28.958,-28.958,0.287,-28.958,-41.35,,4839,2012,9/1/06,,,7/1/14,,,,,Mulally,Alan,MALE,34537086,F,3711
,32418,FORD MOTOR CO,,312.5,0,3103.087,312.5,3103.087,10658.662,0,1518.253,4388.2,-75,-76.852,-59.866,-59.866,38.577,-77.373,-22.683,,4839,2012,,,,,,,,,"Booth, CBE",Lewis,MALE,34537086,F,3711
,37214,FORD MOTOR CO,,707.5,181,4597.017,888.5,4597.017,8910.885,0,4597.017,7210.782,,,,,,,,,4839,2012,10/1/20,,,,,,CEO,,"Farley, Jr.",James,MALE,34537086,F,3711
,45143,FORD MOTOR CO,,782.917,0,4097.155,782.917,,,,,,4.215,-9.936,-22.73,,,,,,4839,2012,,,,,,,,,Hinrichs,Joseph,MALE,34537086,F,3711
,47008,FORD MOTOR CO,,700,227.5,5181.848,927.5,5181.848,4775.975,0,3273.045,2373.046,,,,,,,,,4839,2012,,,,,,,,,Shanks,Robert,MALE,34537086,F,3711
,23940,FORD MOTOR CO,,2000,560,11955.829,2560,11955.829,17378.624,0,11955.829,19271.428,0,7.789,-19.413,-19.413,-28.737,3.259,138.552,,4839,2013,10/30/01,,,9/1/06,,,,,"Ford, Jr.",William,MALE,34537086,F,3711
,30827,FORD MOTOR CO,,1537.5,996,10170.578,2533.5,10170.578,6428.596,0,10170.578,8920.583,10.944,-5.716,14.869,14.869,-46.204,70.829,69.391,,4839,2013,7/1/14,,,5/22/17,,,,,Fields,Mark,MALE,34537086,F,3711
,32416,FORD MOTOR CO,CEO,2000,1960,23204.534,3960,23204.534,15398.536,2962.67,23204.534,19454.538,0,19.098,10.731,10.731,-77.502,10.731,39.724,,4839,2013,9/1/06,,,7/1/14,,,,,Mulally,Alan,MALE,34537086,F,3711
,37214,FORD MOTOR CO,,843.75,0,4261.225,843.75,1915.232,1915.232,0,1915.232,1915.232,19.258,-5.037,-7.305,-58.338,-78.507,-58.338,-73.439,,4839,2013,10/1/20,,,,,,CEO,,"Farley, Jr.",James,MALE,34537086,F,3711
,45143,FORD MOTOR CO,,853.75,126.8,4409.949,980.55,4409.949,7758.598,0,4409.949,8998.452,9.047,25.243,7.634,,,,,,4839,2013,,,,,,,,,Hinrichs,Joseph,MALE,34537086,F,3711
,47008,FORD MOTOR CO,,772.5,0,4089.621,772.5,4089.621,2826.387,0,4075.282,4290.357,10.357,-16.712,-21.078,-21.078,-40.821,24.51,80.795,,4839,2013,,,,,,,,,Shanks,Robert,MALE,34537086,F,3711
,23940,FORD MOTOR CO,CEO,2000,0,15583.194,2000,15110.695,12766.051,0,10683.359,10373.565,0,-21.875,30.34,26.388,-26.542,-10.643,-46.171,,4839,2014,10/30/01,,,9/1/06,,,,,"Ford, Jr.",William,MALE,34537086,F,3711
,30827,FORD MOTOR CO,,1662.5,0,18933.996,1662.5,18596.497,9795.977,0,14949.161,8699.167,8.13,-34.379,86.164,82.846,52.381,46.984,-2.482,,4839,2014,7/1/14,,,5/22/17,,,,,Fields,Mark,MALE,34537086,F,3711
,32416,FORD MOTOR CO,,1000,0,22042.128,1000,22042.128,84044.506,0,22042.128,88404.871,-50,-74.747,-5.009,-5.009,445.795,-5.009,354.418,,4839,2014,9/1/06,,,7/1/14,,,,,Mulally,Alan,MALE,34537086,F,3711
,37214,FORD MOTOR CO,,868.75,0,4690.513,868.75,4494.764,2599.776,0,4494.764,3991.316,2.963,2.963,10.074,134.685,35.742,134.685,108.399,,4839,2014,10/1/20,,,,,,CEO,,"Farley, Jr.",James,MALE,34537086,F,3711
,45143,FORD MOTOR CO,,936.25,135,6308.63,1071.25,6092.63,6634.875,0,5044.485,7183.021,9.663,9.25,43.054,38.156,-14.484,14.389,-20.175,,4839,2014,,,,,,,,,Hinrichs,Joseph,MALE,34537086,F,3711
,47008,FORD MOTOR CO,,798.75,267.45,6536.646,1066.2,6320.646,7040.284,0,4866.483,7550.718,3.398,38.019,59.835,54.553,149.091,19.415,75.993,,4839,2014,,,,,,,,,Shanks,Robert,MALE,34537086,F,3711
,23940,FORD MOTOR CO,,2000,0,12860.84,2000,12860.84,8529.768,0,11484.163,11484.163,0,0,-17.47,-14.889,-33.184,7.496,10.706,,4839,2015,10/30/01,,,9/1/06,,,,,"Ford, Jr.",William,MALE,34537086,F,3711
,30827,FORD MOTOR CO,CEO,1750,0,18576.946,1750,18576.946,10021.969,0,17718.789,17718.789,5.263,5.263,-1.886,-0.105,2.307,18.527,103.684,,4839,2015,7/1/14,,,5/22/17,,,,,Fields,Mark,MALE,34537086,F,3711
,37214,FORD MOTOR CO,,893.75,178.2,5804.965,1071.95,5804.965,4685.933,0,5804.965,5804.965,2.878,23.39,23.76,29.149,80.244,29.149,45.44,,4839,2015,10/1/20,,,,,,CEO,,"Farley, Jr.",James,MALE,34537086,F,3711
,45143,FORD MOTOR CO,,1018.75,304.425,6418.18,1323.175,6418.18,4894.724,0,6156.606,6156.606,8.812,23.517,1.737,5.343,-26.227,22.046,-14.289,,4839,2015,,,,,,,,,Hinrichs,Joseph,MALE,34537086,F,3711
,47008,FORD MOTOR CO,,831.25,0,5557.846,831.25,5557.846,2725.246,0,5282.956,5282.956,4.069,-22.036,-14.974,-12.068,-61.291,8.558,-30.034,,4839,2015,,,,,,,,,Shanks,Robert,MALE,34537086,F,3711
,23940,FORD MOTOR CO,,1625,0,13862.938,1625,13862.938,31564.242,0,12410.199,32763.798,-18.75,-18.75,7.792,7.792,270.048,8.064,185.295,,4839,2016,10/30/01,,,9/1/06,,,,,"Ford, Jr.",William,MALE,34537086,F,3711
,30827,FORD MOTOR CO,CEO,1787.5,0,22102.498,1787.5,22102.498,18855.584,0,19257.495,25472.582,2.143,2.143,18.978,18.978,88.143,8.684,43.76,,4839,2016,7/1/14,,,5/22/17,,,,,Fields,Mark,MALE,34537086,F,3711
,37214,FORD MOTOR CO,,918.75,246.05,6609.453,1164.8,6609.453,5160.934,0,6609.453,6609.453,2.797,8.662,13.859,13.859,10.137,13.859,13.859,,4839,2016,10/1/20,,,,,,CEO,,"Farley, Jr.",James,MALE,34537086,F,3711
,45143,FORD MOTOR CO,,1053.5,0,6723.531,1053.5,6723.531,4974.052,0,5888.179,5888.179,3.411,-20.381,4.758,4.758,1.621,-4.36,-4.36,,4839,2016,,,,,,,,,Hinrichs,Joseph,MALE,34537086,F,3711
,47008,FORD MOTOR CO,,858,0,6293.462,858,6293.462,4663.634,0,5402.93,5402.93,3.218,3.218,13.236,13.236,71.127,2.271,2.271,,4839,2016,,,,,,,,,Shanks,Robert,MALE,34537086,F,3711
,23940,FORD MOTOR CO,CEO,1650,0,15626.099,1650,15626.099,10402.57,0,14433.967,14433.967,1.538,1.538,12.719,12.719,-67.043,16.307,-55.945,,4839,2017,10/30/01,,,9/1/06,,,,,"Ford, Jr.",William,MALE,34537086,F,3711
,30827,FORD MOTOR CO,,1050,0,23500.111,1050,23500.111,22326.118,0,17504.625,25626.962,-41.259,-41.259,6.323,6.323,18.406,-9.102,0.606,,4839,2017,7/1/14,,,5/22/17,,,,,Fields,Mark,MALE,34537086,F,3711
,37214,FORD MOTOR CO,,973.417,200,13473.558,1173.417,13473.558,6779.606,0,13473.558,13473.558,5.95,0.74,103.853,103.853,31.364,103.853,103.853,,4839,2017,10/1/20,,,,,,CEO,,"Farley, Jr.",James,MALE,34537086,F,3711
,45143,FORD MOTOR CO,,1081,0,12124.549,1081,12124.55,5779.394,0,10953.733,10953.733,2.61,2.61,80.33,80.33,16.191,86.029,86.029,,4839,2017,,,,,,,,,Hinrichs,Joseph,MALE,34537086,F,3711
,47008,FORD MOTOR CO,,879.75,309.75,6744.217,1189.5,6744.218,5376.02,0,5851.033,5851.033,2.535,38.636,7.162,7.162,15.275,8.294,8.294,,4839,2017,,,,,,,,,Shanks,Robert,MALE,34537086,F,3711
,59897,FORD MOTOR CO,,1344.333,1000,16731.724,2344.333,16731.724,7293.793,0,16731.724,16731.724,,,,,,,,,4839,2017,5/22/17,,,10/1/20,,,,,Hackett,James,MALE,34537086,F,3711
,23940,FORD MOTOR CO,,1700,0,13839.726,1700,13839.726,18501.298,0,13839.726,24863.273,3.03,3.03,-11.432,-11.432,77.853,-4.117,72.255,,4839,2018,10/30/01,,,9/1/06,,,,,"Ford, Jr.",William,MALE,34537086,F,3711
,37214,FORD MOTOR CO,,1075,0,5860.588,1075,5860.588,3774.295,0,5860.588,5860.588,10.436,-8.387,-56.503,-56.503,-44.329,-56.503,-56.503,,4839,2018,10/1/20,,,,,,CEO,,"Farley, Jr.",James,MALE,34537086,F,3711
,45143,FORD MOTOR CO,,1107.25,97.92,5815.455,1205.17,5815.455,4010.783,0,5746.97,5746.97,2.428,11.487,-52.036,-52.036,-30.602,-47.534,-47.534,,4839,2018,,,,,,,,,Hinrichs,Joseph,MALE,34537086,F,3711
,47008,FORD MOTOR CO,,971.25,0,8420.165,971.25,8420.165,3535.897,0,8420.165,8420.165,10.401,-18.348,24.85,24.85,-34.228,43.909,43.909,,4839,2018,,,,,,,,,Shanks,Robert,MALE,34537086,F,3711
,59897,FORD MOTOR CO,CEO,1800,0,17752.835,1800,17752.835,6807.113,0,17752.835,17752.835,33.895,-23.219,6.103,6.103,-6.673,6.103,6.103,,4839,2018,5/22/17,,,10/1/20,,,,,Hackett,James,MALE,34537086,F,3711
,23940,FORD MOTOR CO,,1700,0,16757.25,1700,16757.25,10088.895,0,14110.479,14110.479,0,0,21.081,21.081,-45.469,1.956,-43.248,,4839,2019,10/30/01,,,9/1/06,,,,,"Ford, Jr.",William,MALE,34537086,F,3711
,37214,FORD MOTOR CO,,1100,185.6,8361.479,1285.6,8361.479,3760.67,0,8361.479,8361.479,2.326,19.591,42.673,42.673,-0.361,42.673,42.673,,4839,2019,10/1/20,,,,,,CEO,,"Farley, Jr.",James,MALE,34537086,F,3711
,45143,FORD MOTOR CO,,1304.667,0,11018.885,1304.667,11018.885,6472.978,0,8374.427,8374.427,17.829,8.256,89.476,89.476,61.389,45.719,45.719,,4839,2019,,,,,,,,,Hinrichs,Joseph,MALE,34537086,F,3711
,47008,FORD MOTOR CO,,1000,0,8317.076,1000,8317.076,6783.035,0,4835.041,4835.041,2.96,2.96,-1.224,-1.224,91.834,-42.578,-42.578,,4839,2019,,,,,,,,,Shanks,Robert,MALE,34537086,F,3711
,59897,FORD MOTOR CO,CEO,1800,0,17355.506,1800,17355.506,7246.851,0,17355.506,17355.506,0,0,-2.238,-2.238,6.46,-2.238,-2.238,,4839,2019,5/22/17,,,10/1/20,,,,,Hackett,James,MALE,34537086,F,3711
,63557,FORD MOTOR CO,,783.338,1482.5,8318.253,2265.838,8318.253,4018.261,6761.165,8318.253,8318.253,,,,,,,,,4839,2019,,,,,,,,,Stone,Timothy,MALE,34537086,F,3711
,34186,GENERAL MOTORS CO,,900,0,5623.861,900,5623.861,1233.491,0,5328.089,5328.089,,,,,,,,,5073,2010,,,,,,,,,"Stephens, P.E.",Thomas,MALE,37045V10,GM,3711
,43688,GENERAL MOTORS CO,CEO,1133.333,0,5003.08,1133.333,5003.08,1469.75,0,5003.08,5003.08,,,,,,,,,5073,2010,12/1/09,,,9/1/10,,,,,"Whitacre, Jr.",Edward,MALE,37045V10,GM,3711
,43689,GENERAL MOTORS CO,,804.398,0,3264.758,804.398,3264.758,1279.077,0,3264.758,3264.758,,,,,,,,,5073,2010,,,,,,,,,"Reilly, CBE",David,MALE,37045V10,GM,3711
,43690,GENERAL MOTORS CO,,566.667,0,2527.419,566.667,2527.419,760.755,0,2527.419,2527.419,,,,,,,,,5073,2010,9/1/10,,,1/15/14,,,,,"Akerson, B.S., M.Sc.",Daniel,MALE,37045V10,GM,3711
,43691,GENERAL MOTORS CO,,416.667,0,3712.058,416.667,3712.058,487.058,0,3705.276,3705.276,,,,,,,,,5073,2010,,,,,,,,,Girsky,Stephen,MALE,37045V10,GM,3711
,43692,GENERAL MOTORS CO,,747.596,0,6225.141,747.596,6225.141,775.141,0,6225.141,6225.141,,,,,,,,,5073,2010,,,,,,,,,Liddell,Christopher,MALE,37045V10,GM,3711
,34186,GENERAL MOTORS CO,,900,0,8304.849,900,8304.849,931.96,0,8304.849,8304.849,0,0,47.672,47.672,-24.445,55.869,55.869,,5073,2011,,,,,,,,,"Stephens, P.E.",Thomas,MALE,37045V10,GM,3711
,43689,GENERAL MOTORS CO,,827.136,0,5375.327,827.136,5375.327,2087.634,0,4731.429,4731.429,2.827,2.827,64.647,64.647,63.214,44.924,44.924,,5073,2011,,,,,,,,,"Reilly, CBE",David,MALE,37045V10,GM,3711
,43690,GENERAL MOTORS CO,CEO,1700,0,7702.743,1700,7702.743,1755.514,0,7702.743,7702.743,200,200,204.767,204.767,130.759,204.767,204.767,,5073,2011,9/1/10,,,1/15/14,,,,,"Akerson, B.S., M.Sc.",Daniel,MALE,37045V10,GM,3711
,43691,GENERAL MOTORS CO,,600,0,5309.793,600,5309.793,627.57,0,5306.806,5306.806,44,44,43.042,43.042,28.849,43.223,43.223,,5073,2011,,,,,,,,,Girsky,Stephen,MALE,37045V10,GM,3711
,43692,GENERAL MOTORS CO,,187.5,0,1049.461,187.5,1049.461,193.84,0,1049.461,1049.461,-74.92,-74.92,-83.142,-83.142,-74.993,-83.142,-83.142,,5073,2011,,,,,,,,,Liddell,Christopher,MALE,37045V10,GM,3711
,45902,GENERAL MOTORS CO,,687.5,0,3508.193,687.5,3508.193,1368.61,0,3507.839,3507.839,,,,,,,,,5073,2011,,,,,,,,,Ammann,Daniel,MALE,37045V10,GM,3711
,43690,GENERAL MOTORS CO,CEO,1700,0,11102.808,1700,11102.808,1770.149,0,11102.808,11102.808,0,0,44.141,44.141,0.834,44.141,44.141,,5073,2012,9/1/10,,,1/15/14,,,,,"Akerson, B.S., M.Sc.",Daniel,MALE,37045V10,GM,3711
,43691,GENERAL MOTORS CO,,600,0,5446.304,600,5446.304,635.013,0,5445.869,5445.869,0,0,2.571,2.571,1.186,2.62,2.62,,5073,2012,,,,,,,,,Girsky,Stephen,MALE,37045V10,GM,3711
,45902,GENERAL MOTORS CO,,750,0,4788.866,750,4788.866,781.81,0,4788.866,4788.866,9.091,9.091,36.505,36.505,-42.876,36.519,36.519,,5073,2012,,,,,,,,,Ammann,Daniel,MALE,37045V10,GM,3711
,47521,GENERAL MOTORS CO,,750,0,6578.687,750,6578.687,1900.071,0,6048.467,6048.467,,,,,,,,,5073,2012,,,,,,,,,Lee,Timothy,MALE,37045V10,GM,3711
1,47522,GENERAL MOTORS CO,,750,0,4943.487,750,4943.487,1037.003,0,4684.929,4684.929,,,,,,,,,5073,2012,1/15/14,,,,,,CEO,,Barra,Mary,FEMALE,37045V10,GM,3711
,43690,GENERAL MOTORS CO,CEO,1700,0,9068.476,1700,9068.476,1766.27,0,9068.476,9068.476,0,0,-18.323,-18.323,-0.219,-18.323,-18.323,,5073,2013,9/1/10,,,1/15/14,,,,,"Akerson, B.S., M.Sc.",Daniel,MALE,37045V10,GM,3711
,43691,GENERAL MOTORS CO,,600,0,6389.584,600,6389.584,632.507,0,6388.042,6388.042,0,0,17.32,17.32,-0.395,17.301,17.301,,5073,2013,,,,,,,,,Girsky,Stephen,MALE,37045V10,GM,3711
,45902,GENERAL MOTORS CO,,750,0,5260.037,750,5260.037,778.475,0,5260.037,5260.037,0,0,9.839,9.839,-0.427,9.839,9.839,,5073,2013,,,,,,,,,Ammann,Daniel,MALE,37045V10,GM,3711
,47522,GENERAL MOTORS CO,,750,0,5233.14,750,5233.14,786.636,0,5233.14,5233.14,0,0,5.859,5.859,-24.143,11.702,11.702,,5073,2013,1/15/14,,,,,,CEO,,Barra,Mary,FEMALE,37045V10,GM,3711
,48719,GENERAL MOTORS CO,,684.029,0,5808.33,684.029,5808.33,2110.255,0,5732.576,5732.576,,,,,,,,,5073,2013,,,,,,,,,"Neumann, Ph.D.",Karl-Thomas,MALE,37045V10,GM,3711
,43690,GENERAL MOTORS CO,,850,0,2099.253,850,2099.253,3882.578,0,2099.253,2099.253,-50,-50,-76.851,-76.851,119.818,-76.851,-76.851,,5073,2014,9/1/10,,,1/15/14,,,,,"Akerson, B.S., M.Sc.",Daniel,MALE,37045V10,GM,3711
,45902,GENERAL MOTORS CO,,990.53,0,8489.346,990.53,8489.346,3088.542,0,8489.346,8489.346,32.071,32.071,61.393,61.393,296.743,61.393,61.393,,5073,2014,,,,,,,,,Ammann,Daniel,MALE,37045V10,GM,3711
,47522,GENERAL MOTORS CO,CEO,1567.803,0,16162.828,1567.803,16162.828,5312.021,0,15812.902,15812.902,109.04,109.04,208.855,208.855,575.283,202.169,202.169,,5073,2014,1/15/14,,,,,,CEO,,Barra,Mary,FEMALE,37045V10,GM,3711
,48719,GENERAL MOTORS CO,,822.133,0,5269.426,822.133,5269.426,2541.877,0,5186.21,5186.21,20.19,20.19,-9.278,-9.278,20.454,-9.531,-9.531,,5073,2014,,,,,,,,,"Neumann, Ph.D.",Karl-Thomas,MALE,37045V10,GM,3711
,50504,GENERAL MOTORS CO,,691.667,0,4894.832,691.667,4894.832,2371.235,0,4629.631,4629.631,,,,,,,,,5073,2014,,,,,,,,,"Stevens, III",Charles,MALE,37045V10,GM,3711
,50505,GENERAL MOTORS CO,,692.235,0,5765.531,692.235,5765.531,4152.677,0,5586.347,5586.347,,,,,,,,,5073,2014,,,,,,,,,Millikin,Michael,MALE,37045V10,GM,3711
2,50506,GENERAL MOTORS CO,,846.212,0,9477.777,846.212,9477.777,3332.134,0,9202.189,9202.189,,,,,,,,,5073,2014,,,,,,,,,Reuss,Mark,MALE,37045V10,GM,3711
,45902,GENERAL MOTORS CO,,1200,0,11800.077,1200,11800.077,5150.063,4039.819,11800.077,7612.441,21.147,21.147,38.999,38.999,66.747,38.999,-10.329,,5073,2015,,,,,,,,,Ammann,Daniel,MALE,37045V10,GM,3711
,47522,GENERAL MOTORS CO,CEO,1750,0,28588.663,1750,28588.663,7897.87,8304.036,28576.651,17409.622,11.621,11.621,76.879,76.879,48.679,80.717,10.098,,5073,2015,1/15/14,,,,,,CEO,,Barra,Mary,FEMALE,37045V10,GM,3711
,50504,GENERAL MOTORS CO,,1000,0,8102.224,1000,8102.224,3689.059,3840.462,8102.224,5426.787,44.578,44.578,65.526,65.526,55.575,75.008,17.219,,5073,2015,,,,,,,,,"Stevens, III",Charles,MALE,37045V10,GM,3711
,50506,GENERAL MOTORS CO,,1100,0,10199.136,1100,10199.136,4537.596,3662.075,10199.136,6639.641,29.991,29.991,7.611,7.611,36.177,10.834,-27.847,,5073,2015,,,,,,,,,Reuss,Mark,MALE,37045V10,GM,3711
,52476,GENERAL MOTORS CO,,583.333,500,8439.819,1083.333,8439.819,2173.397,2117.734,8439.819,6648.439,,,,,,,,,5073,2015,,,,,,,,,Glidden,Craig,MALE,37045V10,GM,3711
,45902,GENERAL MOTORS CO,,1450,0,10223.984,1450,10223.984,7232.037,13016.716,10223.984,10223.984,20.833,20.833,-13.357,-13.357,40.426,-13.357,34.306,,5073,2016,,,,,,,,,Ammann,Daniel,MALE,37045V10,GM,3711
,47522,GENERAL MOTORS CO,CEO,2000,0,22582.059,2000,22582.059,12071.052,28924.495,22400.282,22400.282,14.286,14.286,-21.01,-21.01,52.839,-21.613,28.666,,5073,2016,1/15/14,,,,,,CEO,,Barra,Mary,FEMALE,37045V10,GM,3711
,50504,GENERAL MOTORS CO,,1100,0,7603.085,1100,7603.085,5017.301,8351.288,7467.939,7467.939,10,10,-6.161,-6.161,36.005,-7.829,37.613,,5073,2016,,,,,,,,,"Stevens, III",Charles,MALE,37045V10,GM,3711
,50506,GENERAL MOTORS CO,,1200,0,8412.661,1200,8412.661,5989.857,11018.36,8277.884,8277.884,9.091,9.091,-17.516,-17.516,32.005,-18.837,24.674,,5073,2016,,,,,,,,,Reuss,Mark,MALE,37045V10,GM,3711
,54611,GENERAL MOTORS CO,,950,0,6415.164,950,6415.164,4561.904,8224.907,6282.013,6282.013,,,,,,,,,5073,2016,,,,,,,,,Batey,Alan,MALE,37045V10,GM,3711
,45902,GENERAL MOTORS CO,,1450,0,9258.318,1450,9258.318,12151.843,12351.052,9258.318,8023.94,0,0,-9.445,-9.445,68.028,-9.445,-21.518,,5073,2017,,,,,,,,,Ammann,Daniel,MALE,37045V10,GM,3711
,47522,GENERAL MOTORS CO,CEO,2100,0,21958.048,2100,21958.048,25922.811,30738.956,21905.256,18655.253,5,5,-2.763,-2.763,114.752,-2.21,-16.719,,5073,2017,1/15/14,,,,,,CEO,,Barra,Mary,FEMALE,37045V10,GM,3711
,48719,GENERAL MOTORS CO,,916.936,2000,6888.039,2916.936,6888.039,10806.127,0,6761.243,6975.831,,,,,,,,,5073,2017,,,,,,,,,"Neumann, Ph.D.",Karl-Thomas,MALE,37045V10,GM,3711
,50504,GENERAL MOTORS CO,,1100,0,7101.039,1100,7101.039,10848.402,8453.741,7046.925,9393.901,0,0,-6.603,-6.603,116.22,-5.638,25.79,,5073,2017,,,,,,,,,"Stevens, III",Charles,MALE,37045V10,GM,3711
,50506,GENERAL MOTORS CO,,1200,0,7726.508,1200,7726.508,13623.559,10420.931,7672.118,7881.825,0,0,-8.156,-8.156,127.444,-7.318,-4.785,,5073,2017,,,,,,,,,Reuss,Mark,MALE,37045V10,GM,3711
,54611,GENERAL MOTORS CO,,1025,0,5975.128,1025,5975.128,9474.61,7853.577,5658.527,6558.803,7.895,7.895,-6.859,-6.859,107.69,-9.925,4.406,,5073,2017,,,,,,,,,Batey,Alan,MALE,37045V10,GM,3711
,45902,GENERAL MOTORS CO,,1450,0,8971.881,1450,8971.881,12171.513,11555.944,8971.881,7737.498,0,0,-3.094,-3.094,0.162,-3.094,-3.57,,5073,2018,,,,,,,,,Ammann,Daniel,MALE,37045V10,GM,3711
,47522,GENERAL MOTORS CO,CEO,2100,0,21870.45,2100,21870.45,7363.684,0,21870.45,18445.444,0,0,-0.399,-0.399,-71.594,-0.159,-1.125,,5073,2018,1/15/14,,,,,,CEO,,Barra,Mary,FEMALE,37045V10,GM,3711
,50504,GENERAL MOTORS CO,,1100,0,6939.18,1100,6939.18,8117.41,0,6939.18,5932.928,0,0,-2.279,-2.279,-25.174,-1.529,-36.843,,5073,2018,,,,,,,,,"Stevens, III",Charles,MALE,37045V10,GM,3711
,50506,GENERAL MOTORS CO,,1200,0,7356.09,1200,7356.09,11966.189,9606.481,7356.09,8090.346,0,0,-4.794,-4.794,-12.165,-4.119,2.646,,5073,2018,,,,,,,,,Reuss,Mark,MALE,37045V10,GM,3711
,54611,GENERAL MOTORS CO,,1025,0,5340.52,1025,5340.52,9290.627,7180.242,5340.52,6427.695,0,0,-10.621,-10.621,-1.942,-5.62,-1.999,,5073,2018,,,,,,,,,Batey,Alan,MALE,37045V10,GM,3711
,61596,GENERAL MOTORS CO,,668.1,0,5506.09,668.1,5506.09,2877.629,3685.603,5506.09,4709.827,,,,,,,,,5073,2018,,,,,,,,,"Suryadevara, CFA",Dhivya,FEMALE,37045V10,GM,3711
,47522,GENERAL MOTORS CO,CEO,2100,0,21630.867,2100,21630.867,30081.171,25304.677,21327.881,17802.881,0,0,-1.095,-1.095,308.507,-2.481,-3.484,,5073,2019,1/15/14,,,,,,CEO,,Barra,Mary,FEMALE,37045V10,GM,3711
,50506,GENERAL MOTORS CO,,1200,0,8182.247,1200,8182.247,11529.758,8608.784,7931.759,8177.496,0,0,11.231,11.231,-3.647,7.826,1.077,,5073,2019,,,,,,,,,Reuss,Mark,MALE,37045V10,GM,3711
,52476,GENERAL MOTORS CO,,775,0,4282.832,775,4282.832,5968.886,5237.602,4282.832,3681.279,,,,,,,,,5073,2019,,,,,,,,,Glidden,Craig,MALE,37045V10,GM,3711
,54611,GENERAL MOTORS CO,,1025,0,5318.033,1025,5318.033,7334.032,0,4964.45,4291.025,0,0,-0.421,-0.421,-21.06,-7.042,-33.242,,5073,2019,,,,,,,,,Batey,Alan,MALE,37045V10,GM,3711
,61596,GENERAL MOTORS CO,,1000,0,6767.557,1000,6767.557,3408.877,3736.956,6764.667,5702.164,49.678,49.678,22.91,22.91,18.461,22.858,21.07,,5073,2019,,,,,,,,,"Suryadevara, CFA",Dhivya,FEMALE,37045V10,GM,3711
,64129,GENERAL MOTORS CO,,800,0,5146.284,800,5146.284,4242.679,4268.56,5146.284,4346.281,,,,,,,,,5073,2019,,,,,,,,,"Engle, II",Barry,MALE,37045V10,GM,3711
,2469,MICROSOFT CORP,CEO,670,670,1351.121,1340,1351.121,1351.121,0,1351.121,1351.121,0.626,5.859,5.835,5.835,5.835,5.835,5.835,,12141,2010,1/1/00,,,2/4/14,,,,,Ballmer,Steven,MALE,59491810,MSFT,7372
,34408,MICROSOFT CORP,,347.689,0,5469.104,347.689,5469.104,4016.561,0,5469.104,5469.104,-38.097,-69.941,23.366,128.651,6.492,128.651,128.651,,12141,2010,,9/8/05,,,,,,,Liddell,Christopher,MALE,59491810,MSFT,7372
,38264,MICROSOFT CORP,,645,1400,7354.016,2045,7354.016,7593.82,0,7354.016,9740.436,0.519,16.083,2.849,70.305,-3.198,70.305,88.249,,12141,2010,,,,,,,,,Bach,Robert,MALE,59491810,MSFT,7372
,38265,MICROSOFT CORP,,645,1344,7302.736,1989,7302.736,4597.146,0,7302.736,7302.736,0.519,-42.872,-49.259,-29.677,-53.473,-29.677,-29.677,,12141,2010,,,,,,,,,Elop,Stephen,MALE,59491810,MSFT,7372
,42927,MICROSOFT CORP,,437.508,555,3643.316,992.508,3643.316,1781.06,0,3643.316,3647.584,,,,,,,,,12141,2010,,,,,,,,,Klein,Peter,MALE,59491810,MSFT,7372
,60499,MICROSOFT CORP,,645,1960,7914.509,2605,2614.79,5998.523,0,2614.79,2614.79,0.519,63.458,13.346,63.037,-50.455,63.037,63.037,,12141,2010,,,,,,,,,Turner,Brian,MALE,59491810,MSFT,7372
,2469,MICROSOFT CORP,CEO,682.5,682.5,1376.915,1365,1376.915,1376.915,0,1376.915,1376.915,1.866,1.866,1.909,1.909,1.909,1.909,1.909,,12141,2011,1/1/00,,,2/4/14,,,,,Ballmer,Steven,MALE,59491810,MSFT,7372
,42927,MICROSOFT CORP,,525,720,3521.687,1245,3521.687,2661.688,0,3521.687,3521.687,19.998,25.44,-3.338,-3.338,49.444,-3.338,-3.452,,12141,2011,,,,,,,,,Klein,Peter,MALE,59491810,MSFT,7372
,44739,MICROSOFT CORP,,649.167,1260,7207.758,1909.167,7207.758,8053.16,0,7207.758,9730.347,,,,,,,,,12141,2011,,,,,,,,,Sinofsky,Steven,MALE,59491810,MSFT,7372
,44740,MICROSOFT CORP,,603.333,1450,6219.249,2053.333,6219.249,3926.853,0,6219.249,6690.964,,,,,,,,,12141,2011,,,,,,,,,DelBene,Kurt,MALE,59491810,MSFT,7372
,60499,MICROSOFT CORP,,732.5,1925,9277.141,2657.5,2667.037,9880.108,0,2667.037,2667.037,13.566,2.015,17.217,1.998,64.709,1.998,1.998,,12141,2011,,,,,,,,,Turner,Brian,MALE,59491810,MSFT,7372
,2469,MICROSOFT CORP,CEO,685,620,1318.128,1305,1318.128,1318.128,0,1318.128,1318.128,0.366,-4.396,-4.269,-4.269,-4.269,-4.269,-4.269,,12141,2012,1/1/00,,,2/4/14,,,,,Ballmer,Steven,MALE,59491810,MSFT,7372
,42927,MICROSOFT CORP,,580,950,5108.836,1530,5108.836,3577.297,0,5108.836,5108.836,10.476,22.892,45.068,45.068,34.4,45.068,45.068,,12141,2012,,,,,,,,,Klein,Peter,MALE,59491810,MSFT,7372
,44739,MICROSOFT CORP,,658.333,1530,8583.732,2188.333,8583.732,10149.107,0,8583.732,11963.482,1.412,14.622,19.09,19.09,26.026,19.09,22.95,,12141,2012,,,,,,,,,Sinofsky,Steven,MALE,59491810,MSFT,7372
,44740,MICROSOFT CORP,,638.333,1812.5,7906.725,2450.833,7906.725,5888.104,0,7906.725,8601.563,5.801,19.359,27.133,27.133,49.945,27.133,28.555,,12141,2012,,,,,,,,,DelBene,Kurt,MALE,59491810,MSFT,7372
,60499,MICROSOFT CORP,,762.5,2400,10683.671,3162.5,3172.521,10022.506,0,3172.521,3172.521,4.096,19.003,15.161,18.953,1.441,18.953,18.953,,12141,2012,,,,,,,,,Turner,Brian,MALE,59491810,MSFT,7372
,2469,MICROSOFT CORP,CEO,697.5,550,1261.218,1247.5,1261.218,1261.218,0,1261.218,1261.218,1.825,-4.406,-4.317,-4.317,-4.317,-4.317,-4.317,,12141,2013,1/1/00,,,2/4/14,,,,,Ballmer,Steven,MALE,59491810,MSFT,7372
,42927,MICROSOFT CORP,,598.333,0,4152.476,598.333,4152.476,3582.76,0,4152.476,4152.476,3.161,-60.893,-18.72,-18.72,0.153,-18.72,-18.72,,12141,2013,,,,,,,,,Klein,Peter,MALE,59491810,MSFT,7372
,44740,MICROSOFT CORP,,669.167,1505.625,7592.445,2174.792,7592.445,6649.413,0,7592.445,7592.445,4.83,-11.263,-3.975,-3.975,12.93,-3.975,-11.732,,12141,2013,,,,,,,,,DelBene,Kurt,MALE,59491810,MSFT,7372
3,47865,MICROSOFT CORP,,365.954,457.443,7460.569,823.397,8506.486,2338.036,0,8506.486,8542.736,,,,,,,,,12141,2013,,,,,,,,,Hood,Amy,FEMALE,59491810,MSFT,7372
1,47866,MICROSOFT CORP,,669.167,1580.906,7668.952,2250.073,7668.952,7220.123,0,7668.952,7668.952,,,,,,,,,12141,2013,2/4/14,,,,,,CEO,,Nadella,Satya,MALE,59491810,MSFT,7372
,60499,MICROSOFT CORP,,777.5,2138.125,10383.613,2915.625,2926.109,11264.761,0,2926.109,2926.109,1.967,-7.806,-2.809,-7.767,12.395,-7.767,-7.767,,12141,2013,,,,,,,,,Turner,Brian,MALE,59491810,MSFT,7372
,2469,MICROSOFT CORP,CEO,417.083,0,483.584,417.083,520.042,483.584,0,520.042,520.042,-40.203,-66.566,-61.657,-58.767,-61.657,-58.767,-58.767,,12141,2014,1/1/00,,,2/4/14,,,,,Ballmer,Steven,MALE,59491810,MSFT,7372
,47865,MICROSOFT CORP,,603.333,1583.75,10463.058,2187.083,10463.058,6055.209,5976.815,10463.058,10463.058,64.866,165.617,40.245,23.001,158.987,23.001,22.479,,12141,2014,,,,,,,,,Hood,Amy,FEMALE,59491810,MSFT,7372
,47866,MICROSOFT CORP,,918.917,3600,84308.755,4518.917,84308.755,10363.969,17369.114,84308.755,84308.755,37.323,100.834,999.352,999.352,43.543,999.352,999.352,,12141,2014,2/4/14,,,,,,CEO,,Nadella,Satya,MALE,59491810,MSFT,7372
,49604,MICROSOFT CORP,,573.939,2004.394,17136.686,2578.333,17136.687,6866.743,5392.165,17136.687,17136.687,,,,,,,,,12141,2014,,,,,,,,,"Shum, Ph.D.",Heung Yeung,MALE,59491810,MSFT,7372
4,49605,MICROSOFT CORP,,641.667,1925,16964.803,2566.667,16964.804,7899.497,8582.103,16964.804,16964.804,,,,,,,,,12141,2014,,,,,,,,,"Smith, LCA",Bradford,MALE,59491810,MSFT,7372
,60499,MICROSOFT CORP,,796.667,2848.083,22719.276,3644.75,3655.407,18060.842,21828.299,3655.407,3655.407,2.465,25.008,118.799,24.924,60.33,24.924,24.924,,12141,2014,,,,,,,,,Turner,Brian,MALE,59491810,MSFT,7372
,47865,MICROSOFT CORP,,675.985,1978,8754.963,2653.985,8754.963,9399.787,7655.977,8754.963,8754.963,12.042,21.348,-16.325,-16.325,55.235,-16.325,-16.325,,12141,2015,,,,,,,,,Hood,Amy,FEMALE,59491810,MSFT,7372
,47866,MICROSOFT CORP,CEO,1200,4320,18294.27,5520,18294.27,14439.348,20573.214,18294.27,18294.27,30.589,22.153,-78.301,-78.301,39.323,-78.301,-78.301,,12141,2015,2/4/14,,,,,,CEO,,Nadella,Satya,MALE,59491810,MSFT,7372
,49605,MICROSOFT CORP,,650,1300,6800.682,1950,6800.682,8904.822,4271.366,6800.682,6800.682,1.299,-24.026,-59.913,-59.913,12.726,-59.913,-59.913,,12141,2015,,,,,,,,,"Smith, LCA",Bradford,MALE,59491810,MSFT,7372
,51594,MICROSOFT CORP,,539.204,3795,14533.595,4334.204,14533.595,7294.778,4271.366,14533.595,14533.595,,,,,,,,,12141,2015,,,,,,,,,Johnson,Margaret,FEMALE,59491810,MSFT,7372
,60499,MICROSOFT CORP,,800,2200,12195.414,3000,3011.171,20628.452,22326.844,3011.171,3011.171,0.418,-17.69,-46.321,-17.624,14.216,-17.624,-17.624,,12141,2015,,,,,,,,,Turner,Brian,MALE,59491810,MSFT,7372
,47865,MICROSOFT CORP,,731.25,2304,10374.63,3035.25,10374.63,10687.688,13816.99,10374.63,10374.63,8.175,14.366,18.5,18.5,13.701,18.5,18.5,,12141,2016,,,,,,,,,Hood,Amy,FEMALE,59491810,MSFT,7372
,47866,MICROSOFT CORP,CEO,1200,4464,17692.031,5664,17692.031,20909.715,36085.569,17692.031,17692.031,0,2.609,-3.292,-3.292,44.811,-3.292,-3.292,,12141,2016,2/4/14,,,,,,CEO,,Nadella,Satya,MALE,59491810,MSFT,7372
,49605,MICROSOFT CORP,,704.167,1972,8610.612,2676.167,8610.612,12222.63,10641.925,8610.612,8610.612,8.333,37.239,26.614,26.614,37.259,26.614,26.614,,12141,2016,,,,,,,,,"Smith, LCA",Bradford,MALE,59491810,MSFT,7372
,51594,MICROSOFT CORP,,704.167,1909,6716.49,2613.167,6716.491,5562.819,8206.898,6716.491,6716.491,30.594,-39.708,-53.786,-53.786,-23.742,-53.786,-53.786,,12141,2016,,,,,,,,,Johnson,Margaret,FEMALE,59491810,MSFT,7372
,60499,MICROSOFT CORP,,866.667,2384,12956.75,3250.667,12956.75,20391.575,28426.37,12956.75,12956.75,8.333,8.356,6.243,330.289,-1.148,330.289,330.289,,12141,2016,,,,,,,,,Turner,Brian,MALE,59491810,MSFT,7372
,47865,MICROSOFT CORP,,852.917,0,11582.144,852.917,11582.144,14402.355,21528.797,11582.144,11582.144,16.638,-71.9,11.639,11.639,34.757,11.639,11.639,,12141,2017,,,,,,,,,Hood,Amy,FEMALE,59491810,MSFT,7372
,47866,MICROSOFT CORP,CEO,1450,0,20014.152,1450,20014.152,29705.719,0,20014.152,20014.152,20.833,-74.4,13.125,13.125,42.067,13.125,13.125,,12141,2017,2/4/14,,,,,,CEO,,Nadella,Satya,MALE,59491810,MSFT,7372
,49605,MICROSOFT CORP,,785.833,0,10319.735,785.833,10319.735,16252.166,27419.53,10319.735,10319.735,11.598,-70.636,19.849,19.849,32.968,19.849,19.849,,12141,2017,,,,,,,,,"Smith, LCA",Bradford,MALE,59491810,MSFT,7372
,51594,MICROSOFT CORP,,715,0,6880.955,715,6880.955,7233.376,11275.183,6880.955,6880.955,1.538,-72.639,2.449,2.449,30.031,2.449,2.449,,12141,2017,,,,,,,,,Johnson,Margaret,FEMALE,59491810,MSFT,7372
,55612,MICROSOFT CORP,,751.054,0,18294.616,751.054,18294.616,11239.101,13922.968,18294.616,18294.616,,,,,,,,,12141,2017,,,,,,,,,Courtois,Jean-Philippe,MALE,59491810,MSFT,7372
,47865,MICROSOFT CORP,,875,0,14924.457,875,14924.456,17194.121,31542.629,14924.456,14924.456,2.589,2.589,28.857,28.857,19.384,28.857,28.857,,12141,2018,,,,,,,,,Hood,Amy,FEMALE,59491810,MSFT,7372
,47866,MICROSOFT CORP,CEO,1500,0,25843.263,1500,25843.263,34874.21,97913.671,25843.263,25843.263,3.448,3.448,29.125,29.125,17.399,29.125,29.125,,12141,2018,2/4/14,,,,,,CEO,,Nadella,Satya,MALE,59491810,MSFT,7372
,49605,MICROSOFT CORP,,800,0,13511.623,800,13511.623,19039.154,38914.769,13511.623,13511.623,1.803,1.803,30.93,30.93,17.148,30.93,30.93,,12141,2018,,,,,,,,,"Smith, LCA",Bradford,MALE,59491810,MSFT,7372
,51594,MICROSOFT CORP,,715,0,8758.015,715,8758.015,7584.561,19687.33,8758.015,8758.015,0,0,27.279,27.279,4.855,27.279,27.279,,12141,2018,,,,,,,,,Johnson,Margaret,FEMALE,59491810,MSFT,7372
,55612,MICROSOFT CORP,,833,0,11126.249,833,11126.25,13903.141,21904.382,11126.25,11126.25,10.911,10.911,-39.183,-39.183,23.703,-39.183,-39.183,,12141,2018,,,,,,,,,Courtois,Jean-Philippe,MALE,59491810,MSFT,7372
,47865,MICROSOFT CORP,,958.333,0,20227.634,958.333,20227.633,43508.949,33784.836,20227.633,20227.633,9.524,9.524,35.533,35.533,153.045,35.533,35.533,,12141,2019,,,,,,,,,Hood,Amy,FEMALE,59491810,MSFT,7372
,47866,MICROSOFT CORP,CEO,2333.333,0,42910.215,2333.333,42910.215,191751.389,96811.443,42910.215,42910.215,55.556,55.556,66.04,66.04,449.837,66.04,66.04,,12141,2019,2/4/14,,,,,,CEO,,Nadella,Satya,MALE,59491810,MSFT,7372
,49605,MICROSOFT CORP,,850,0,17372.997,850,17372.997,46481.183,33227.724,17372.997,17372.997,6.25,6.25,28.578,28.578,144.135,28.578,28.578,,12141,2019,,,,,,,,,"Smith, LCA",Bradford,MALE,59491810,MSFT,7372
,51594,MICROSOFT CORP,,715,0,10432.649,715,10432.649,28383.061,18090.259,10432.649,10432.649,0,0,19.121,19.121,274.222,19.121,19.121,,12141,2019,,,,,,,,,Johnson,Margaret,FEMALE,59491810,MSFT,7372
,55612,MICROSOFT CORP,,798,0,15084.754,798,15084.754,16493.923,29716.897,15084.754,15084.754,-4.202,-4.202,35.578,35.578,18.635,35.578,35.578,,12141,2019,,,,,,,,,Courtois,Jean-Philippe,MALE,59491810,MSFT,7372