Unnamed: 0,GVKEY,TICKER,CEOANN,SALARY,BONUS,STOCK_AWARDS,OPTION_AWARDS,OTHCOMP,TOTAL_CURR,AGE,TDC1,YEAR,BECAMECEO,JOINED_CO,LEFTOFC,GENDER,CUSIP,NAICSDESC,SIC,MKVALT,size_category,signature_index
170,1690,AAPL,CEO,0.001,0.0,0.0,0.0,0.0,0.001,55.0,0.001,2010,2000-01-05,,2011-08-24,MALE,03783310,Radio and Television Broadcasting and Wireless Com,3663,259906.4875,Large,07bb77b554735227cff5fa2030412d9f
171,1690,AAPL,CEO,0.001,0.0,0.0,0.0,0.0,0.001,56.0,0.001,2011,2000-01-05,,2011-08-24,MALE,03783310,Radio and Television Broadcasting and Wireless Com,3663,354351.9056,Large,c7e9a9dddbf102bff2ef0040f461bdd6
172,1690,AAPL,CEO,1357.718,0.0,0.0,0.0,17.274,1357.718,51.0,4174.992,2012,2011-08-24,1998-02-01,,MALE,03783310,Radio and Television Broadcasting and Wireless Com,3663,626550.3528,Large,8d24c676c2df166d28a5803b2b3c965f
173,1690,AAPL,CEO,1400.006,0.0,0.0,0.0,52.721,1400.006,52.0,4252.727,2013,2011-08-24,1998-02-01,,MALE,03783310,Radio and Television Broadcasting and Wireless Com,3663,428699.7978,Large,7590616d113b8c30633eed751fba9ad4
174,1690,AAPL,CEO,1748.462,0.0,0.0,0.0,774.176,1748.462,53.0,9222.638,2014,2011-08-24,1998-02-01,,MALE,03783310,Radio and Television Broadcasting and Wireless Com,3663,591015.7208,Large,aee59a1d63825623200523befbda68ab
175,1690,AAPL,CEO,2000.0,0.0,0.0,0.0,281.327,2000.0,54.0,10281.327,2015,2011-08-24,1998-02-01,,MALE,03783310,Radio and Television Broadcasting and Wireless Com,3663,615336.4559,Large,b01c9d5fda226e5898d809177619c038
176,1690,AAPL,CEO,3000.0,0.0,0.0,0.0,377.719,3000.0,55.0,8747.719,2016,2011-08-24,1998-02-01,,MALE,03783310,Radio and Television Broadcasting and Wireless Com,3663,603253.5663,Large,4cc2fb41780c2a717359e78368dad64a
177,1690,AAPL,CEO,3057.692,0.0,0.0,0.0,440.374,3057.692,56.0,12825.066,2017,2011-08-24,1998-02-01,,MALE,03783310,Radio and Television Broadcasting and Wireless Com,3663,790050.0981,Large,c6e4f1228ec889603b607b5458c2a480
178,1690,AAPL,CEO,3000.0,0.0,0.0,0.0,682.219,3000.0,57.0,15682.219,2018,2011-08-24,1998-02-01,,MALE,03783310,Radio and Television Broadcasting and Wireless Com,3663,1073390.5396,Large,3a56975f551f0ce70592c7aa4ab98ad6
179,1690,AAPL,CEO,3000.0,0.0,0.0,0.0,884.466,3000.0,58.0,11555.466,2019,2011-08-24,1998-02-01,,MALE,03783310,Radio and Television Broadcasting and Wireless Com,3663,995151.5669,Large,e4b573f098ef076c8ee27e6e3b716e99
276,2136,VZ,CEO,1600.0,0.0,12000.077,0.0,641.347,1600.0,61.0,17542.279,2016,2011-08-01,,2018-08-01,MALE,92343V10,Wireless Telecommunications Carriers (except Satel,4812,217613.3919,Large,fe37c3b7d3a59e7b30da9c55bdf5779b
277,2136,VZ,CEO,1600.0,0.0,12000.062,0.0,543.57,1600.0,62.0,17937.581,2017,2011-08-01,,2018-08-01,MALE,92343V10,Wireless Telecommunications Carriers (except Satel,4812,215926.6647,Large,47d2bdd790026e0edf1c89ac10a1d143
278,2136,VZ,CEO,1661.538,0.0,12000.05,0.0,616.279,1661.538,63.0,18637.867,2018,2011-08-01,,2018-08-01,MALE,92343V10,Wireless Telecommunications Carriers (except Satel,4812,232302.8953,Large,a0b28b6bafa4630d2d195928b8eab5ae
279,2136,VZ,CEO,1500.0,0.0,12000.076,0.0,470.279,1500.0,54.0,18095.355,2019,2018-08-01,,,MALE,92343V10,Wireless Telecommunications Carriers (except Satel,4812,253939.8392,Large,6676a8ddcdcb0a7c051dc5199deec6cc
282,2176,BRK.B,CEO,100.0,0.0,0.0,0.0,323.923,100.0,82.0,423.923,2012,1970-01-01,1965-01-01,,MALE,08467070,Conglomerates,9997,220625.7545,Large,6a3c8a7bf75235df0044d3354aa41988
283,2176,BRK.B,CEO,100.0,0.0,0.0,0.0,385.606,100.0,83.0,485.606,2013,1970-01-01,1965-01-01,,MALE,08467070,Conglomerates,9997,292404.7315,Large,582275b62b1271c889c57148938bd937
288,2176,BRK.B,CEO,100.0,0.0,0.0,0.0,288.968,100.0,88.0,388.968,2018,1970-01-01,1965-01-01,,MALE,08467070,Conglomerates,9997,502273.8156,Large,b27ec866f2b741a0dcf0a5b17567d0b3
421,2968,JPM,CEO,1500.0,0.0,10000.0,0.0,291.833,1500.0,57.0,11791.833,2013,2005-12-31,,,MALE,46625H10,Commercial Banking,6020,219657.1958,Large,b04140fc2656074530ff65f2eb49a5bf
422,2968,JPM,CEO,1500.0,7400.0,18500.0,0.0,245.893,8900.0,58.0,27645.893,2014,2005-12-31,,,MALE,46625H10,Commercial Banking,6020,232471.4956,Large,0d220067d5abcd0339cd0d81be11fda7
423,2968,JPM,CEO,1500.0,5000.0,11100.0,0.0,621.06,6500.0,59.0,18221.06,2015,2005-12-31,,,MALE,46625H10,Commercial Banking,6020,241899.2543,Large,00520878f7495165641b8b873cb8e04e
424,2968,JPM,CEO,1500.0,5000.0,20500.0,0.0,205.551,6500.0,60.0,27205.551,2016,2005-12-31,,,MALE,46625H10,Commercial Banking,6020,307295.0851,Large,655d80b953dde7c14a0298c254c5e7df
425,2968,JPM,CEO,1500.0,5000.0,21500.0,0.0,286.228,6500.0,61.0,28286.228,2017,2005-12-31,,,MALE,46625H10,Commercial Banking,6020,366301.582,Large,67c9aeed86f5cbabcf6d9f19f9878735
426,2968,JPM,CEO,1500.0,5000.0,23000.0,0.0,520.139,6500.0,62.0,30020.139,2018,2005-12-31,,,MALE,46625H10,Commercial Banking,6020,319780.2769,Large,a0392c66e0978d1674dd7f69a59cd462
427,2968,JPM,CEO,1500.0,5000.0,24500.0,0.0,578.246,6500.0,63.0,31578.246,2019,2005-12-31,,,MALE,46625H10,Commercial Banking,6020,429912.5274,Large,a14e938e3d624b4514ab33e194ea2b74
429,2991,CVX,CEO,1570.833,0.0,5064.68,7221.6,277.397,1570.833,55.0,18134.51,2011,2010-01-01,,2018-02-01,MALE,16676410,Petroleum Refineries,2911,210796.1688,Large,638d1af57cf815c051d0c559b134f490
430,2991,CVX,CEO,1670.833,0.0,7095.66,9807.0,225.435,1670.833,56.0,22278.928,2012,2010-01-01,,2018-02-01,MALE,16676410,Petroleum Refineries,2911,210515.9217,Large,beff6b29d3d29bbf60cbe96f04e677be
431,2991,CVX,CEO,1770.833,0.0,5807.79,9228.96,231.911,1770.833,57.0,20239.494,2013,2010-01-01,,2018-02-01,MALE,16676410,Petroleum Refineries,2911,239028.1507,Large,27fb7ec22aca8f20027671e53caca76d
432,2991,CVX,CEO,1825.5,0.0,4816.5,8586.24,277.785,1825.5,58.0,18606.025,2014,2010-01-01,,2018-02-01,MALE,16676410,Petroleum Refineries,2911,210859.0248,Large,24e9dce71192586967af82b002170fcd
434,2991,CVX,CEO,1863.5,0.0,5397.824,9194.544,210.794,1863.5,60.0,18763.062,2016,2010-01-01,,2018-02-01,MALE,16676410,Petroleum Refineries,2911,222630.3739,Large,a83005249977e72ef54f8f54b077edb1
435,2991,CVX,CEO,1863.5,0.0,12140.826,3830.0,214.818,1863.5,61.0,21799.144,2017,2010-01-01,,2018-02-01,MALE,16676410,Petroleum Refineries,2911,238449.6434,Large,6f33c552cf9edc4ca8a4428b2428c0cc
436,2991,CVX,CEO,1468.75,0.0,10102.641,3312.399,927.281,1468.75,57.0,19411.071,2018,2018-02-01,,,MALE,16676410,Petroleum Refineries,2911,207009.746,Large,85b8c4db8c982efa5c3f2bf5fed74637
437,2991,CVX,CEO,1570.833,0.0,11663.631,3750.127,422.693,1570.833,58.0,19687.284,2019,2018-02-01,,,MALE,16676410,Petroleum Refineries,2911,226820.0657,Large,3ab6d2f27fdf3d28b839fcecb742c8d8
475,3144,KO,CEO,1450.0,0.0,7434.329,2208.151,251.643,1450.0,53.0,16384.123,2018,2017-05-01,,,MALE,19121610,Soft Drink Manufacturing,2086,202089.8,Large,950a07cc5850f8a292902da81c5d8460
476,3144,KO,CEO,1575.0,0.0,8231.11,2603.81,439.075,1575.0,54.0,18000.995,2019,2017-05-01,,,MALE,19121610,Soft Drink Manufacturing,2086,236898.0,Large,8ac71e6edc35a1cb9e84e45edcfe1c49
506,3226,CMCSA,CEO,3291.832,0.0,5330.304,5350.324,4863.243,3291.832,59.0,28809.952,2019,2002-11-01,1976-01-01,,MALE,20030N10,Cable and Other Subscription Programming (eff thru,4841,204749.939,Large,b5f7cc4d190dee46712c556d6bdf8bab
664,3980,DIS,CEO,3000.0,0.0,10072.895,9583.291,1144.342,3000.0,68.0,45550.528,2019,2022-11-20,,,MALE,25468710,Television Broadcasting Stations (eff_from 06/15/2,4888,234836.64,Large,4f6370b9bc69c1e1b1172511f31003ce
805,4503,XOM,CEO,2207.0,3360.0,15465.375,0.0,443.921,5567.0,58.0,21476.296,2010,2006-01-01,1975-01-01,,MALE,30231G10,Petroleum Refineries,2911,364064.48,Large,2dcd4911b01c233e8ae6d1862ad31147
806,4503,XOM,CEO,2387.0,4368.0,17890.875,0.0,519.23,6755.0,59.0,25165.105,2011,2006-01-01,1975-01-01,,MALE,30231G10,Petroleum Refineries,2911,401253.84,Large,27adf661cb870544639a2410974dce40
807,4503,XOM,CEO,2567.0,4587.0,19627.875,0.0,447.425,7154.0,60.0,27229.3,2012,2006-01-01,1975-01-01,,MALE,30231G10,Petroleum Refineries,2911,389648.1,Large,38f0e6f232262bf63150682330af2980
808,4503,XOM,CEO,2717.0,3670.0,21254.625,0.0,496.704,6387.0,61.0,28138.329,2013,2006-01-01,1975-01-01,,MALE,30231G10,Petroleum Refineries,2911,438702.0,Large,fe841c74bf968396a37fad358e5f57a1
809,4503,XOM,CEO,2867.0,3670.0,21420.0,0.0,455.42,6537.0,62.0,28412.42,2014,2006-01-01,1975-01-01,,MALE,30231G10,Petroleum Refineries,2911,388382.45,Large,e98f30ce7f798f2f11eb5c8e52b4fd64
810,4503,XOM,CEO,3047.0,2386.0,18288.0,0.0,540.291,5433.0,63.0,24261.291,2015,2006-01-01,1975-01-01,,MALE,30231G10,Petroleum Refineries,2911,323960.2,Large,089ebc7b2af929106859855d9d6fb662
811,4503,XOM,CEO,3167.0,1670.0,19731.375,0.0,575.85,4837.0,64.0,25144.225,2016,2006-01-01,1975-01-01,,MALE,30231G10,Petroleum Refineries,2911,374398.48,Large,30c529c5f3a926379a11010ef0368891
812,4503,XOM,CEO,1200.0,1848.0,10809.81,0.0,282.544,3048.0,52.0,14140.354,2017,2017-01-01,,,MALE,30231G10,Petroleum Refineries,2911,354549.96,Large,f65ad6da0b3977b64567ffb778c68068
813,4503,XOM,CEO,1400.0,2464.0,11648.25,0.0,288.04,3864.0,53.0,15800.29,2018,2017-01-01,,,MALE,30231G10,Petroleum Refineries,2911,288921.03,Large,f6ca84b86c8eee48b962cbc7d68275c9
814,4503,XOM,CEO,1500.0,2216.0,12371.85,0.0,336.482,3716.0,54.0,16424.332,2019,2017-01-01,,,MALE,30231G10,Petroleum Refineries,2911,295448.52,Large,995ae268484145d18b8ca811482b3e06
936,5047,GE,CEO,3300.0,4500.0,0.0,0.0,574.507,7800.0,55.0,20592.769,2012,2001-01-01,1982-01-01,2017-07-31,MALE,36960430,Conglomerates,9997,218414.0688,Large,1cef891e10173fce9ebc0c16f833cd80
937,5047,GE,CEO,3466.667,5000.0,7777.191,0.0,423.783,8466.667,56.0,19202.302,2013,2001-01-01,1982-01-01,2017-07-31,MALE,36960430,Conglomerates,9997,282006.4944,Large,a7c41b2aa7f139e4d65d9893edcf4efe
938,5047,GE,CEO,3750.0,5400.0,3676.157,2565.0,806.634,9150.0,57.0,18855.141,2014,2001-01-01,1982-01-01,2017-07-31,MALE,36960430,Conglomerates,9997,254149.9926,Large,dae8c0a29eb886f096b19be2ad6959b4
939,5047,GE,CEO,3800.0,5400.0,6238.766,2964.0,620.376,9200.0,58.0,26831.472,2015,2001-01-01,1982-01-01,2017-07-31,MALE,36960430,Conglomerates,9997,292164.8212,Large,10422c2b157d05869c445593aa3b45b3
940,5047,GE,CEO,3800.0,4320.0,4673.098,2142.0,1185.138,8120.0,59.0,17962.122,2016,2001-01-01,1982-01-01,2017-07-31,MALE,36960430,Conglomerates,9997,276266.6024,Large,0d1b721ca244255e0379946922d09505
1066,5680,HD,CEO,1300.0,0.0,5955.804,1459.987,81.893,1300.0,59.0,11525.085,2017,2014-11-01,,2022-03-01,MALE,43707610,Home Centers,5211,232642.2,Large,de4410497ce6e281a42370706d8ba4c2
1067,5680,HD,CEO,1325.0,0.0,6058.925,1459.983,76.068,1325.0,60.0,11147.505,2018,2014-11-01,,2022-03-01,MALE,43707610,Home Centers,5211,202800.65,Large,f4939ff39d354c12eb9dd88e6c04b824
1068,5680,HD,CEO,1300.0,0.0,5961.431,1459.996,97.934,1300.0,61.0,10768.09,2019,2014-11-01,,2022-03-01,MALE,43707610,Home Centers,5211,245663.7,Large,37859b107ed6fa7d3f27653ba74a99c6
1136,6008,INTC,CEO,1380.0,0.0,13076.9,0.0,1860.8,1380.0,57.0,21527.7,2017,2013-05-16,,2018-06-21,MALE,45814010,Semiconductor and Related Device Manufacturing,3674,216351.92,Large,8c895d749c800e9402b6ca917f5ae7e0
1137,6008,INTC,CEO,898.0,2500.0,10898.2,0.0,170.5,3398.0,58.0,16706.7,2018,2018-06-01,,2021-02-15,MALE,45814010,Semiconductor and Related Device Manufacturing,3674,211935.88,Large,d70758e0ddda211cfc4e372fed0c940b
1138,6008,INTC,CEO,1227.3,0.0,44622.6,17100.0,303.1,1227.3,59.0,66935.1,2019,2018-06-01,,2021-02-15,MALE,45814010,Semiconductor and Related Device Manufacturing,3674,256756.5,Large,f3539bb92a5b975a1f1645d168b50207
1140,6066,IBM,CEO,1800.0,0.0,14307.565,0.0,1614.3,1800.0,60.0,24221.865,2011,2002-01-01,1973-01-01,2012-01-01,MALE,45920010,Web Search Portals and All Other Information Servi,7370,213886.09,Large,bc08b66642958a663cb9ef0bd3092161
1141,6066,IBM,CEO,1500.0,0.0,9259.0,0.0,687.725,1500.0,53.0,15361.725,2012,2012-01-01,,2020-01-01,FEMALE,45920010,Web Search Portals and All Other Information Servi,7370,214031.8404,Large,ec6c29b908eb2453c23fccca1a669094
1192,6266,JNJ,CEO,1453.846,0.0,5988.975,2669.999,191.779,1453.846,53.0,15171.96,2013,2012-04-26,,2022-01-03,MALE,47816010,Pharmaceutical Preparation Manufacturing,2834,258341.3185,Large,f0e6ffffb6d8ba4dbae0c78ac55b49f6
1193,6266,JNJ,CEO,1500.0,0.0,9467.38,4168.139,228.866,1500.0,54.0,20383.164,2014,2012-04-26,,2022-01-03,MALE,47816010,Pharmaceutical Preparation Manufacturing,2834,291041.6291,Large,ea8f86b7d566069953fd2947fcdacb9b
1194,6266,JNJ,CEO,1613.462,0.0,10693.427,4562.998,202.175,1613.462,55.0,21081.598,2015,2012-04-26,,2022-01-03,MALE,47816010,Pharmaceutical Preparation Manufacturing,2834,283010.2406,Large,43ac46f6c4ab53ca9647977887dca74f
1195,6266,JNJ,CEO,1600.0,0.0,10608.901,4118.398,228.094,1600.0,56.0,31816.85,2016,2012-04-26,,2022-01-03,MALE,47816010,Pharmaceutical Preparation Manufacturing,2834,311817.1323,Large,6e45009e8c8a40d7c84e6cd6d26e5743
1196,6266,JNJ,CEO,1600.0,0.0,12354.361,5054.398,236.279,1600.0,57.0,22843.42,2017,2012-04-26,,2022-01-03,MALE,47816010,Pharmaceutical Preparation Manufacturing,2834,374802.393,Large,1e324fec4f083411acdd5f0e85799ff9
1197,6266,JNJ,CEO,1642.308,0.0,10319.463,4305.594,259.71,1642.308,58.0,18662.346,2018,2012-04-26,,2022-01-03,MALE,47816010,Pharmaceutical Preparation Manufacturing,2834,343572.9122,Large,1e99417f6571c699ae0532e6f1bfa59d
1198,6266,JNJ,CEO,1650.0,0.0,9956.365,4049.997,243.444,1650.0,59.0,19590.777,2019,2012-04-26,,2022-01-03,MALE,47816010,Pharmaceutical Preparation Manufacturing,2834,384003.7961,Large,85b890d45849841a3a704cbab19d0cc4
1458,7257,MRK,CEO,1659.482,0.0,11425.398,4500.763,375.485,1659.482,64.0,22570.328,2019,2011-01-01,,2021-06-30,MALE,58933Y10,Pharmaceutical Preparation Manufacturing,2834,230923.5962,Large,3da8b7757ba19dfec788eb31dd16560e
1513,7647,BAC,CEO,1500.0,0.0,13752.0,0.0,192.665,1500.0,57.0,15507.6,2016,2010-01-01,2004-04-01,,MALE,06050510,Commercial Banking,6020,222163.0346,Large,81e9893b626bbc28cf329610cf11522a
1514,7647,BAC,CEO,1500.0,0.0,19524.73,0.0,260.264,1500.0,58.0,21355.481,2017,2010-01-01,2004-04-01,,MALE,06050510,Commercial Banking,6020,303681.155,Large,429733e1a72e9056a9c0c1bcd7445639
1515,7647,BAC,CEO,1500.0,0.0,20552.088,0.0,382.263,1500.0,59.0,22513.296,2018,2010-01-01,2004-04-01,,MALE,06050510,Commercial Banking,6020,238251.207,Large,18a4181363a12fd3f372e899cba466ff
1516,7647,BAC,CEO,1500.0,0.0,23575.105,0.0,331.858,1500.0,60.0,25495.382,2019,2010-01-01,2004-04-01,,MALE,06050510,Commercial Banking,6020,311209.1678,Large,56dca8c936221a988c4dff09d7d330db
1619,8007,WFC,CEO,2800.0,0.0,12500.009,0.0,20.4,2800.0,59.0,19320.409,2013,2007-06-26,,2016-10-12,MALE,94974610,Commercial Banking,6020,238675.2002,Large,27bb03e63cd27cc2633b70c2a5cd6ea6
1620,8007,WFC,CEO,2800.0,0.0,12500.029,0.0,18.2,2800.0,60.0,19318.229,2014,2007-06-26,,2016-10-12,MALE,94974610,Commercial Banking,6020,283438.5322,Large,ac5e5b329f01ae05d51896697ebb7a0d
1621,8007,WFC,CEO,2800.0,0.0,12500.054,0.0,18.55,2800.0,61.0,19318.604,2015,2007-06-26,,2016-10-12,MALE,94974610,Commercial Banking,6020,276808.1324,Large,1c1d9675b339cd3df3aa059720db7214
1622,8007,WFC,CEO,2070.498,0.0,16500.032,0.0,83.646,2070.498,62.0,18654.176,2016,2007-06-26,,2016-10-12,MALE,94974610,Commercial Banking,6020,276437.767,Large,1bb3be88be943615ff33b11c295afad3
1623,8007,WFC,CEO,2400.0,0.0,15000.007,0.0,107.258,2400.0,56.0,17507.265,2017,2016-10-12,,2019-03-28,MALE,94974610,Commercial Banking,6020,296774.4034,Large,031acf857dd97683f6df754c8ac33bbe
1624,8007,WFC,CEO,2400.0,0.0,14000.056,0.0,19.25,2400.0,57.0,18419.306,2018,2016-10-12,,2019-03-28,MALE,94974610,Commercial Banking,6020,211104.1843,Large,dbe3c31b07b1f7609952b33e4833b87d
1625,8007,WFC,CEO,1781.609,1500.0,5004.996,0.0,26.05,3281.609,64.0,9600.292,2019,2019-03-28,,2019-10-21,MALE,94974610,Commercial Banking,6020,222432.1188,Large,55a3579af8832ac49396d86ae54eecba
1772,8530,PFE,CEO,1956.75,0.0,6631.652,14504.377,472.359,1956.75,63.0,26165.138,2017,2010-12-05,1978-01-01,2019-01-01,MALE,71708110,Pharmaceutical Preparation Manufacturing,2834,216559.38,Large,470a941194ce9ea117a40e485b01f562
1773,8530,PFE,CEO,1992.5,0.0,7030.63,6854.237,671.846,1992.5,64.0,19549.213,2018,2010-12-05,1978-01-01,2019-01-01,MALE,71708110,Pharmaceutical Preparation Manufacturing,2834,249547.05,Large,b1970e411954dcb6deb09a668f5b10a6
1774,8530,PFE,CEO,1600.0,0.0,4290.956,6075.29,606.269,1600.0,57.0,16202.515,2019,2019-01-01,,,MALE,71708110,Pharmaceutical Preparation Manufacturing,2834,216822.12,Large,006b43b0c6e6426b549f4239d74b76ef
1808,8762,PG,CEO,1600.0,3313.6,6446.532,4235.006,332.877,4913.6,60.0,15928.015,2013,2009-07-01,,2013-05-23,MALE,74271810,Soap and Other Detergent Manufacturing,2840,211131.7557,Large,1e7a2a40025147dd87c06894617a3939
1809,8762,PG,CEO,2000.0,4400.0,12230.582,0.0,873.771,6400.0,66.0,19504.353,2014,2000-01-01,,2015-11-01,MALE,74271810,Soap and Other Detergent Manufacturing,2840,213042.2435,Large,5106ff35265d286a982047fc7fe7ca00
1810,8762,PG,CEO,2000.0,3290.0,12407.79,0.0,588.831,5290.0,67.0,18286.621,2015,2000-01-01,,2015-11-01,MALE,74271810,Soap and Other Detergent Manufacturing,2840,212388.035,Large,e963983ed6ad41d08972a27f4cf773ef
1811,8762,PG,CEO,1393.333,2482.771,8507.68,1743.864,277.005,3876.104,58.0,14971.286,2016,2015-11-01,,2021-11-01,MALE,74271810,Soap and Other Detergent Manufacturing,2840,225905.8256,Large,8f9c30a32be807237107daec199d79b9
1812,8762,PG,CEO,1600.0,4080.384,9226.929,3000.001,188.863,5680.384,59.0,19205.056,2017,2015-11-01,,2021-11-01,MALE,74271810,Soap and Other Detergent Manufacturing,2840,222519.8336,Large,fe8f1c036aa76d6a5d96e54f82b103d4
1814,8762,PG,CEO,1650.0,5409.4,9768.118,3251.263,420.031,7059.4,61.0,22140.414,2019,2015-11-01,,2021-11-01,MALE,74271810,Soap and Other Detergent Manufacturing,2840,274645.9472,Large,fbf6e7569ab170804c079037d28153ec
1978,9899,T,CEO,1741.667,0.0,14623.014,0.0,553.095,1741.667,54.0,22588.045,2015,2007-06-04,1982-01-01,2020-06-30,MALE,00206R10,Wireless Telecommunications Carriers (except Satel,4812,211447.3854,Large,110a0ef2ca0654bda4ad5c28b0980b68
1979,9899,T,CEO,1791.667,0.0,16063.344,0.0,1404.401,1791.667,55.0,24959.412,2016,2007-06-04,1982-01-01,2020-06-30,MALE,00206R10,Wireless Telecommunications Carriers (except Satel,4812,261091.4148,Large,3214c730421dce85dc507f80ab25e13e
1980,9899,T,CEO,1800.0,0.0,16699.98,0.0,1490.681,1800.0,56.0,25300.661,2017,2007-06-04,1982-01-01,2020-06-30,MALE,00206R10,Wireless Telecommunications Carriers (except Satel,4812,238700.844,Large,a844e4ba78125c426562b0c659a35aec
1981,9899,T,CEO,1800.0,0.0,17069.774,0.0,1538.538,1800.0,57.0,25731.455,2018,2007-06-04,1982-01-01,2020-06-30,MALE,00206R10,Wireless Telecommunications Carriers (except Satel,4812,207817.6917,Large,f85ed8442d206aadcc2d2dcc3f9af355
1982,9899,T,CEO,1800.0,0.0,19800.007,0.0,1563.722,1800.0,58.0,28443.729,2019,2007-06-04,1982-01-01,2020-06-30,MALE,00206R10,Wireless Telecommunications Carriers (except Satel,4812,283508.0094,Large,d89d49afd3206b71726a150fec07c10d
2161,10903,UNH,CEO,1300.0,0.0,8325.394,2775.032,316.33,1300.0,55.0,18107.356,2018,2017-09-01,,2021-02-02,MALE,91324P10,Direct Health and Medical Insurance Carriers,6324,239155.2,Large,c8e0374b0203ab480814f96c6575fc8b
2213,11259,WMT,CEO,1264.775,0.0,13066.877,0.0,377.258,1264.775,62.0,18131.738,2011,2009-02-01,1995-01-01,2014-02-01,MALE,93114210,All Other General Merchandise Stores (eff from 6/3,5331,209728.48,Large,b1e3fc465f8ccd24a6d3056f76239062
2214,11259,WMT,CEO,1315.731,0.0,13649.52,0.0,644.45,1315.731,63.0,20693.544,2012,2009-02-01,1995-01-01,2014-02-01,MALE,93114210,All Other General Merchandise Stores (eff from 6/3,5331,231814.3,Large,26c90c9a78600da1e3d0c3373a6575f5
2215,11259,WMT,CEO,1366.593,0.0,0.0,0.0,490.09,1366.593,64.0,5643.677,2013,2009-02-01,1995-01-01,2014-02-01,MALE,93114210,All Other General Merchandise Stores (eff from 6/3,5331,241440.44,Large,b98a3a94cc808792d180549240d568bc
2216,11259,WMT,CEO,1200.93,0.0,14597.374,0.0,393.673,1200.93,49.0,19392.608,2014,2014-02-01,1990-01-01,,MALE,93114210,All Other General Merchandise Stores (eff from 6/3,5331,274315.44,Large,38e3228750c577469b374bbe0c664f78
2217,11259,WMT,CEO,1263.231,0.0,14270.786,0.0,463.054,1263.231,50.0,19808.797,2015,2014-02-01,1990-01-01,,MALE,93114210,All Other General Merchandise Stores (eff from 6/3,5331,209830.32,Large,3c48d9e3c242c504164f5a43d987aee5
2218,11259,WMT,CEO,1278.989,0.0,15224.706,0.0,486.732,1278.989,51.0,22352.143,2016,2014-02-01,1990-01-01,,MALE,93114210,All Other General Merchandise Stores (eff from 6/3,5331,203423.52,Large,c26caf8b156f04647d42eafc3949af78
2219,11259,WMT,CEO,1276.982,0.0,15692.464,0.0,473.765,1276.982,52.0,22791.276,2017,2014-02-01,1990-01-01,,MALE,93114210,All Other General Merchandise Stores (eff from 6/3,5331,314683.2,Large,83b5da283da80d8cbcace04c239554c3
2220,11259,WMT,CEO,1276.892,0.0,15592.404,0.0,569.953,1276.892,53.0,23618.233,2018,2014-02-01,1990-01-01,,MALE,93114210,All Other General Merchandise Stores (eff from 6/3,5331,275798.74,Large,d34a55edc5f80318a1be0939c4d62aaa
2221,11259,WMT,CEO,1276.892,0.0,15709.953,0.0,410.091,1276.892,54.0,22105.35,2019,2014-02-01,1990-01-01,,MALE,93114210,All Other General Merchandise Stores (eff from 6/3,5331,324292.1236,Large,5379b245f9bcc1cee26fc9cc8bd1e0ab
2363,12141,MSFT,CEO,682.5,682.5,0.0,0.0,11.915,1365.0,55.0,1376.915,2011,2000-01-01,,2014-02-04,MALE,59491810,Software Publishers,7372,217776.0,Large,a89b4b0c3049aa5b6b04d08b6af782a0
2364,12141,MSFT,CEO,685.0,620.0,0.0,0.0,13.128,1305.0,56.0,1318.128,2012,2000-01-01,,2014-02-04,MALE,59491810,Software Publishers,7372,256374.79,Large,17106a111d62dcf22c4ce326a2003548
2365,12141,MSFT,CEO,697.5,550.0,0.0,0.0,13.718,1247.5,57.0,1261.218,2013,2000-01-01,,2014-02-04,MALE,59491810,Software Publishers,7372,287690.76,Large,1051d3d85f739a59e8f6945e799eef80
2366,12141,MSFT,CEO,417.083,0.0,0.0,0.0,66.501,417.083,58.0,520.042,2014,2000-01-01,,2014-02-04,MALE,59491810,Software Publishers,7372,343566.3,Large,06ffec5e175d32a209d8f0f16ee541d1
2367,12141,MSFT,CEO,1200.0,4320.0,12761.263,0.0,13.007,5520.0,48.0,18294.27,2015,2014-02-04,,,MALE,59491810,Software Publishers,7372,354392.05,Large,6c2af7afa5a34d0c4cfca53b62e10554
2368,12141,MSFT,CEO,1200.0,4464.0,12013.927,0.0,14.104,5664.0,49.0,17692.031,2016,2014-02-04,,,MALE,59491810,Software Publishers,7372,399535.36,Large,3374d07c435b872077f2fe0ed34c7c14
2369,12141,MSFT,CEO,1450.0,0.0,11434.557,0.0,97.189,1450.0,50.0,20014.152,2017,2014-02-04,,,MALE,59491810,Software Publishers,7372,531312.44,Large,00f619b006270e17706c97a8e86d7e25
2370,12141,MSFT,CEO,1500.0,0.0,16807.208,0.0,111.055,1500.0,51.0,25843.263,2018,2014-02-04,,,MALE,59491810,Software Publishers,7372,757028.97,Large,54302fc391281babcc0d8d1f082e4d52
2371,12141,MSFT,CEO,2333.333,0.0,29668.651,0.0,111.363,2333.333,52.0,42910.215,2019,2014-02-04,,,MALE,59491810,Software Publishers,7372,1023856.28,Large,dc761f6a49f5a9b65b20fe73a21d075c
2774,20779,CSCO,CEO,1325.0,0.0,18576.568,0.0,135.306,1325.0,53.0,20733.283,2019,2015-07-26,,,MALE,17275R10,Telephone Apparatus Manufacturing,3576,235450.0,Large,a45fe1b66694e20bd25b1c4acbee040b
3624,64768,AMZN,CEO,81.84,0.0,0.0,0.0,1600.0,81.84,51.0,1681.84,2015,1996-05-01,1994-06-01,2021-07-05,MALE,02313510,Electronic Shopping and Mail-Order Houses (eff thr,5961,318344.19,Large,721ac3e03efbdb173ea3cdd69c29de86
3625,64768,AMZN,CEO,81.84,0.0,0.0,0.0,1600.0,81.84,52.0,1681.84,2016,1996-05-01,1994-06-01,2021-07-05,MALE,02313510,Electronic Shopping and Mail-Order Houses (eff thr,5961,357687.99,Large,80462cf7e729b7f88191b4cf5dc7b78c
3626,64768,AMZN,CEO,81.84,0.0,0.0,0.0,1600.0,81.84,53.0,1681.84,2017,1996-05-01,1994-06-01,2021-07-05,MALE,02313510,Electronic Shopping and Mail-Order Houses (eff thr,5961,566023.48,Large,549ade3909aeb88cacfcbf3fd90864ec
3627,64768,AMZN,CEO,81.84,0.0,0.0,0.0,1600.0,81.84,54.0,1681.84,2018,1996-05-01,1994-06-01,2021-07-05,MALE,02313510,Electronic Shopping and Mail-Order Houses (eff thr,5961,737467.27,Large,046a3978b91311684755c2585ef5220f
3628,64768,AMZN,CEO,81.84,0.0,0.0,0.0,1600.0,81.84,55.0,1681.84,2019,1996-05-01,1994-06-01,2021-07-05,MALE,02313510,Electronic Shopping and Mail-Order Houses (eff thr,5961,920224.32,Large,ae0e0a0e8e09580515203c7a5ad6f675
4301,160225,MA,CEO,1250.0,0.0,8650.134,7450.079,235.701,1250.0,60.0,23249.977,2019,2010-07-01,,2021-01-01,MALE,57636Q10,"Financial Transactions Processing, Reserve, and Cl",6099,300680.13,Large,77ce9329dd1b2298c62ad4b16799c284
4303,160329,GOOGL,CEO,0.001,0.0,0.0,0.0,0.0,0.001,38.0,0.001,2011,1998-09-01,1998-09-01,2019-12-01,MALE,02079K30,"Data Processing, Hosting, and Related Services (ef",7370,209849.6805,Large,cb6f18ad6aa55ef378834a47c2dd1393
4304,160329,GOOGL,CEO,0.001,0.0,0.0,0.0,0.0,0.001,39.0,0.001,2012,1998-09-01,1998-09-01,2019-12-01,MALE,02079K30,"Data Processing, Hosting, and Related Services (ef",7370,233420.545,Large,19d1e6dbfb925d88cad3d997f9c12533
4305,160329,GOOGL,CEO,0.001,0.0,0.0,0.0,0.0,0.001,40.0,0.001,2013,1998-09-01,1998-09-01,2019-12-01,MALE,02079K30,"Data Processing, Hosting, and Related Services (ef",7370,376370.2807,Large,8f880d18ef952b8f332031e6de8c26fb
4306,160329,GOOGL,CEO,0.001,0.0,0.0,0.0,0.0,0.001,41.0,0.001,2014,1998-09-01,1998-09-01,2019-12-01,MALE,02079K30,"Data Processing, Hosting, and Related Services (ef",7370,359263.2864,Large,8ae2c3757b7d9aa324f4b105fc96c18e
4307,160329,GOOGL,CEO,0.001,0.0,0.0,0.0,0.0,0.001,42.0,0.001,2015,1998-09-01,1998-09-01,2019-12-01,MALE,02079K30,"Data Processing, Hosting, and Related Services (ef",7370,528168.4352,Large,50821e37902f3d6de0ef15be17735819
4308,160329,GOOGL,CEO,0.001,0.0,0.0,0.0,0.0,0.001,43.0,0.001,2016,1998-09-01,1998-09-01,2019-12-01,MALE,02079K30,"Data Processing, Hosting, and Related Services (ef",7370,540659.3335,Large,555c5c0fba003fb316016e7c5964badf
4309,160329,GOOGL,CEO,0.001,0.0,0.0,0.0,0.0,0.001,44.0,0.001,2017,1998-09-01,1998-09-01,2019-12-01,MALE,02079K30,"Data Processing, Hosting, and Related Services (ef",7370,729439.0252,Large,c1f62754dceac803be4bfb16c80efc6c
4310,160329,GOOGL,CEO,0.001,0.0,0.0,0.0,0.0,0.001,45.0,0.001,2018,1998-09-01,1998-09-01,2019-12-01,MALE,02079K30,"Data Processing, Hosting, and Related Services (ef",7370,723558.7085,Large,cca6f6a6e3469e2fe276e4f0f12ebdec
4311,160329,GOOGL,CEO,650.0,0.0,276612.072,0.0,3359.48,650.0,46.0,280621.551,2019,2019-12-01,,,MALE,02079K30,"Data Processing, Hosting, and Related Services (ef",7370,921138.3192,Large,760c77bab21c8e792f85808eea2456e4
4473,170617,META,CEO,0.001,0.0,0.0,0.0,6213.106,0.001,30.0,6213.107,2014,2004-07-01,,,MALE,30303M10,Web Search Portals and All Other Information Servi,7370,218221.94,Large,8e7fd98bcb916c3aa050a529b8994ff5
4474,170617,META,CEO,0.001,0.0,0.0,0.0,5037.84,0.001,31.0,5037.841,2015,2004-07-01,,,MALE,30303M10,Web Search Portals and All Other Information Servi,7370,297757.7,Large,50b85b7470f79b99f5e7cbda4a4b934f
4475,170617,META,CEO,0.001,0.0,0.0,0.0,9101.965,0.001,33.0,9101.966,2017,2004-07-01,,,MALE,30303M10,Web Search Portals and All Other Information Servi,7370,512792.76,Large,9e09ba27a63d2954416058d56760a6a2
4476,170617,META,CEO,0.001,0.0,0.0,0.0,22554.542,0.001,34.0,22554.543,2018,2004-07-01,,,MALE,30303M10,Web Search Portals and All Other Information Servi,7370,374130.86,Large,cd231bcb9e4f380613b5f8c189453e94
4477,170617,META,CEO,0.001,0.0,0.0,0.0,23415.972,0.001,35.0,23415.973,2019,2004-07-01,,,MALE,30303M10,Web Search Portals and All Other Information Servi,7370,585373.0,Large,84e07de553f884288bebd0a8787c69dd
4582,179534,V,CEO,1300.038,0.0,8693.984,3500.008,26.416,1300.038,60.0,19493.946,2018,2016-12-01,,2023-02-01,MALE,92826C83,"Financial Transactions Processing, Reserve, and Cl",6099,333174.81,Large,dec9491791aa03a53e63658d2ef9dfea
4583,179534,V,CEO,1400.059,0.0,14246.423,4312.489,36.8,1400.059,61.0,24265.771,2019,2016-12-01,,2023-02-01,MALE,92826C83,"Financial Transactions Processing, Reserve, and Cl",6099,372545.0203,Large,3657e8c3dc2d348559b88a5a83f76048
