signature_index,total_director_comp
9a31e2f7d8f34382307bba0f98457fbb,902.555
13cc73214e6af3620f95cca0d90a6149,902.555
af45d403e144b15ad55cbb4860330bc4,902.555
2e91482081037a40171cf2d8048ef1a6,2004.756
650223213649774748b1803059994c33,2985.222
23aab2a0740350a9fa4c4849bca0a7c6,2985.222
b90ea41d143726dde5b9d93d8ba2614d,2985.222
1ac08bcc3cb4d759c15502a0b6b0cc3b,2844.516
e88dad8c9de691c6a41429b141b58437,2844.516
bbe48d782b36fb0fec33dae4a5c6d5a1,2111.987
c295d430d541e3463df1ebb8e7765b2d,2111.987
1e2cd23c19397fedb68fb90f1649bba2,2111.987
97b642b52ba42a744b57b0b524365cca,2605.182
1733265e8b87aadac84ea22f06f7a2c0,2605.182
355c536b47da9efaf006981c8b6d8a2f,2605.182
a98e156ae8823ead9c682a4ccf24b5c1,1960.3
05ef932bf8544d9bafc81858505f8f6f,1960.3
ef47be1ff8472629500e784675c8acb6,1960.3
aaadde79fee696c1e05a229dffbac462,2807.704
9ea76867cd413c3c6208e546f986036b,2807.704
435672ec71e2682ae85f9e0da44531b2,2807.704
3f594e25358bb0ea4fd8dbe557bb80cc,2638.3920000000003
1a7906302e21e0c066b5511ab50199f4,2638.3920000000003
06bea7104ee9e65f8c251eea14fcc0b5,2638.3920000000003
6d5f58394a307fc50bb9ba7c4bf8c2e5,6346.974
6d5f58394a307fc50bb9ba7c4bf8c2e5,6346.974
6d5f58394a307fc50bb9ba7c4bf8c2e5,6346.974
6d5f58394a307fc50bb9ba7c4bf8c2e5,6346.974
d672b5308519fe2171adefa89e76be86,6346.974
d672b5308519fe2171adefa89e76be86,6346.974
d672b5308519fe2171adefa89e76be86,6346.974
d672b5308519fe2171adefa89e76be86,6346.974
ab3e0eb3a003d8c52d1d5ffd517558c8,6346.974
ab3e0eb3a003d8c52d1d5ffd517558c8,6346.974
ab3e0eb3a003d8c52d1d5ffd517558c8,6346.974
ab3e0eb3a003d8c52d1d5ffd517558c8,6346.974
1a4323b249d92355266d34d466caf7c7,6346.974
1a4323b249d92355266d34d466caf7c7,6346.974
1a4323b249d92355266d34d466caf7c7,6346.974
1a4323b249d92355266d34d466caf7c7,6346.974
bff4275ce783583ee1d1b34b46621ad3,3071.659
bff4275ce783583ee1d1b34b46621ad3,3071.659
bff4275ce783583ee1d1b34b46621ad3,3071.659
bff4275ce783583ee1d1b34b46621ad3,3071.659
2aee703c228d85f51ae1598ecc6d190d,3071.659
2aee703c228d85f51ae1598ecc6d190d,3071.659
2aee703c228d85f51ae1598ecc6d190d,3071.659
2aee703c228d85f51ae1598ecc6d190d,3071.659
3c0c7676b189efa2e5217577a5b73124,3071.659
3c0c7676b189efa2e5217577a5b73124,3071.659
3c0c7676b189efa2e5217577a5b73124,3071.659
3c0c7676b189efa2e5217577a5b73124,3071.659
099079ecaaca577eb6d50d65f44a8888,3071.659
099079ecaaca577eb6d50d65f44a8888,3071.659
099079ecaaca577eb6d50d65f44a8888,3071.659
099079ecaaca577eb6d50d65f44a8888,3071.659
2272e8426f69a3a650a4ce5e0117d44b,3071.659
2272e8426f69a3a650a4ce5e0117d44b,3071.659
2272e8426f69a3a650a4ce5e0117d44b,3071.659
2272e8426f69a3a650a4ce5e0117d44b,3071.659
fe39515e951c0a4f919eee3680e9f35d,3071.659
fe39515e951c0a4f919eee3680e9f35d,3071.659
fe39515e951c0a4f919eee3680e9f35d,3071.659
fe39515e951c0a4f919eee3680e9f35d,3071.659
55b2eae720a2a8f8c6ec8984d7913912,2231.42
b29e524147f940c9121f89c7530ab15d,2231.42
8d77c4fc9978ec10c2316c4ebd12ba5a,4848.138
6bf4ca8d115b4ef3e4ea0b9f74bb3d51,4848.138
4171c69976ae9efa9198b4c6b5db4cf0,4848.138
f6af994bcdb3824530f9bf15270d3a90,1476.942
1562a6502190cc400a23c02dd0d3a589,1476.942
73262e7a2ef955f86dffa57ef9151e47,1476.942
01beafb3a43310e91e3aa18deb6e7264,3240.972
c5a2ef2257a9116f6ed1c1cf725da034,2866.8160000000003
c09f63aa918a4ab5ea6d9fdcf08c7041,2866.8160000000003
0c9aca854ae566d78d2393cd199f7bcb,2866.8160000000003
fbda6480acb13ed466d35fd3d4921e0a,1995.454
bcb026472104706609b5ccab8118f894,1995.454
bb7661ff5ebb590d8ad12126e8d64ebf,1995.454
c86ed1b17f050fdc6b9e12b03c9395d7,2238.964
b31fb19126134063d0dc83e65ae7fcce,2238.964
20337bca4d7fad7315b454976a0620a2,2238.964
7abf6a492e371f2fbea13f4154e078af,2111.828
5d03369a48d2efd68204ee551f48247d,2111.828
e3dfb33f65022fd797228e766f13289c,2111.828
b221ebc41be81375f7e40802c47458c5,2229.535
8a8a63a13db087cb09fcec8710822bd9,2229.535
8e4a73d2b6f8731f9830b52893de5b98,1997.455
8ade25cfb7aa67d834db9300bb871cc4,1997.455
b3756e87fd230a15401876e215eb6ce1,1997.455
10696773db8d15900419db7e76549285,3054.715
10696773db8d15900419db7e76549285,3054.715
10696773db8d15900419db7e76549285,3054.715
10696773db8d15900419db7e76549285,3054.715
ac97d9d8baf72ac569e1ac167e60c055,3054.715
ac97d9d8baf72ac569e1ac167e60c055,3054.715
ac97d9d8baf72ac569e1ac167e60c055,3054.715
ac97d9d8baf72ac569e1ac167e60c055,3054.715
ebd9e4f56022452f599eb38a69f03f66,3054.715
ebd9e4f56022452f599eb38a69f03f66,3054.715
ebd9e4f56022452f599eb38a69f03f66,3054.715
ebd9e4f56022452f599eb38a69f03f66,3054.715
cab3ae326220a2fe9fcacfaa89939f03,3054.715
cab3ae326220a2fe9fcacfaa89939f03,3054.715
cab3ae326220a2fe9fcacfaa89939f03,3054.715
cab3ae326220a2fe9fcacfaa89939f03,3054.715
fcf2319f8aed3678087b85eca9476f05,3054.715
fcf2319f8aed3678087b85eca9476f05,3054.715
fcf2319f8aed3678087b85eca9476f05,3054.715
fcf2319f8aed3678087b85eca9476f05,3054.715
c2266425ebc716de8ae398b11ac268db,3054.715
c2266425ebc716de8ae398b11ac268db,3054.715
c2266425ebc716de8ae398b11ac268db,3054.715
c2266425ebc716de8ae398b11ac268db,3054.715
cf0b4ba4a09571946730c0103a51ab7d,2552.377
9b4a194e61763e376c29e927db11798e,2552.377
1c1ef199bdb6214132a2eec8095cc866,2552.377
2257fdd87c2da620d3e1ee4bb971436c,2847.982
eb40a8f57fea0139c97ee61623941d62,2847.982
7e2d1a8ea1bc2ff9df463c0606dc3bbb,2847.982
c10784d79671b48dd0b287a7115222c7,3025.881
9a04235a3d42f2bedab2dc36bf0b2bd9,3025.881
07a431a6691f8bfc75b52408055f1248,3025.881
f1de142150e0530c634decf418e1d5fe,134.625
bf40e9fea803f6e1f24ba3ced2c09925,3070.071
4cc93b982c79311c7051e3dc277593a5,3070.071
3c8e7d4821c5479db90715df7aecaf9a,3070.071
2833c85aae83e4646f4caa28185ed058,2561.16
85f00dda5b121cf3cd408b36c3f0ca20,2561.16
41620d2e655b69c915fc21eb5a60de08,2561.16
4d065f9ad1df64c2586824fd262144a3,1437.515
bd28022d38ce9bacec3af0fe48fb7aa5,1437.515
14e585c62117e907f0a7fe105306ba40,4959.691
14e585c62117e907f0a7fe105306ba40,4959.691
14e585c62117e907f0a7fe105306ba40,4959.691
14e585c62117e907f0a7fe105306ba40,4959.691
42e2bc55903a966e3e59d6b547e57ee8,4959.691
42e2bc55903a966e3e59d6b547e57ee8,4959.691
42e2bc55903a966e3e59d6b547e57ee8,4959.691
42e2bc55903a966e3e59d6b547e57ee8,4959.691
301af40f69d3813d1c7b88fa38ed30b9,2564.34
bfc829eb936674e1a5d3d7e4bf01cc24,2564.34
e3be3c7330cc56b6eb545b0a4ced66f8,2564.34
16a9f731778579769cdce992106acd2a,3461.341
864d348852d5f20da354fd9c7ff5cb4b,3461.341
a9d5b8bf828c9033bb259f5e9bdc4a6c,3461.341
5538f2234437521337f28187ef18f893,1267.191
4d0207fc278857e30e0d5a8605a56e80,1267.191
c01acd914a594b18c67d0ddba2850199,2482.737
7910098055769e7dad0e7827c86332bd,2482.737
e7b821700ae9422a934450055ed6fe45,2482.737
9bfd1ee2d59899eb54b71c3ba77ad631,3163.514
dff34bb936adc9fc3ad22c30b4c6bc69,3163.514
32d6eeca1517643e30ee6727646305f2,3163.514
4ead03c43f639653ff2af4437334cb8a,2910.632
b6f3493cc3f6797a00c75c9b28ae072d,2910.632
c014eda9d0dfe9afc53ded4ddd7977f1,2910.632
6eec8402eb7310486f64f394c06fd01f,1690.645
cf62aac95db7d8d9251645f876757e5f,1690.645
97e656edf9bc4592c86c3186cb094a75,1690.645
09a6fe2854d014f882cb4c78dbba7461,754.635
78a6f75d8182acae1e58f02b646a308a,754.635
35686767ec2ada0d3c5f653dfb830b4e,1935.0
da13f350690f6b21b13ef044bda305a7,1935.0
b5b67aff15afd0577ba277567972cc2a,1935.0
39e7d155cdec0f2caabd1a3324baa961,2544.489
f6dc826b4447dd22acf2393d4357e4c5,2893.948
7021043414ace0c3591091e2ec9b53c5,2893.948
59ba741b9aec527550f20226ec627064,2893.948
3d0df1e96ac788c3020329a942b71f1c,3280.775
3d0df1e96ac788c3020329a942b71f1c,3280.775
3d0df1e96ac788c3020329a942b71f1c,3280.775
3d0df1e96ac788c3020329a942b71f1c,3280.775
c2a964f93e6f78ab339a5837d8345c7c,3280.775
c2a964f93e6f78ab339a5837d8345c7c,3280.775
c2a964f93e6f78ab339a5837d8345c7c,3280.775
c2a964f93e6f78ab339a5837d8345c7c,3280.775
f555e940eee62b2d034674481e084875,3280.775
f555e940eee62b2d034674481e084875,3280.775
f555e940eee62b2d034674481e084875,3280.775
f555e940eee62b2d034674481e084875,3280.775
ea5f8ce938632abea7f84927504fb6de,3280.775
ea5f8ce938632abea7f84927504fb6de,3280.775
ea5f8ce938632abea7f84927504fb6de,3280.775
ea5f8ce938632abea7f84927504fb6de,3280.775
edc60937be90b832d894cca73ae23db7,3246.7490000000003
a0c093d560fad9207d0980b39bbcfdd7,3246.7490000000003
3bff0d78f2b513e4b8a015195d0ff3c8,1374.87
3bff0d78f2b513e4b8a015195d0ff3c8,1374.87
3bff0d78f2b513e4b8a015195d0ff3c8,1374.87
3bff0d78f2b513e4b8a015195d0ff3c8,1374.87
2e1e604ec617fa12d42b7e5e82dc35a8,1374.87
2e1e604ec617fa12d42b7e5e82dc35a8,1374.87
2e1e604ec617fa12d42b7e5e82dc35a8,1374.87
2e1e604ec617fa12d42b7e5e82dc35a8,1374.87
df7fc62fb1db0656eaa5ea05bb1c8f1e,1374.87
df7fc62fb1db0656eaa5ea05bb1c8f1e,1374.87
df7fc62fb1db0656eaa5ea05bb1c8f1e,1374.87
df7fc62fb1db0656eaa5ea05bb1c8f1e,1374.87
45cfc8c0636a4f41746b91ed4c0aa4e1,1374.87
45cfc8c0636a4f41746b91ed4c0aa4e1,1374.87
45cfc8c0636a4f41746b91ed4c0aa4e1,1374.87
45cfc8c0636a4f41746b91ed4c0aa4e1,1374.87
ce9968133ff56b85ec59d5bb3a873350,1374.87
ce9968133ff56b85ec59d5bb3a873350,1374.87
ce9968133ff56b85ec59d5bb3a873350,1374.87
ce9968133ff56b85ec59d5bb3a873350,1374.87
19f992df8c79f31ac16a5cf012add343,1374.87
19f992df8c79f31ac16a5cf012add343,1374.87
19f992df8c79f31ac16a5cf012add343,1374.87
19f992df8c79f31ac16a5cf012add343,1374.87
a47d9ac6cf3320c7bc38d75bf31d3d66,4232.5
a47d9ac6cf3320c7bc38d75bf31d3d66,4232.5
a47d9ac6cf3320c7bc38d75bf31d3d66,4232.5
a47d9ac6cf3320c7bc38d75bf31d3d66,4232.5
f4248a62b1c77ce3e462dd3e0aea2070,4232.5
f4248a62b1c77ce3e462dd3e0aea2070,4232.5
f4248a62b1c77ce3e462dd3e0aea2070,4232.5
f4248a62b1c77ce3e462dd3e0aea2070,4232.5
429947c741bb91ad9d51d2feebc97608,4232.5
429947c741bb91ad9d51d2feebc97608,4232.5
429947c741bb91ad9d51d2feebc97608,4232.5
429947c741bb91ad9d51d2feebc97608,4232.5
c43d889cad1fe733e90b8ba8f723f27f,4232.5
c43d889cad1fe733e90b8ba8f723f27f,4232.5
c43d889cad1fe733e90b8ba8f723f27f,4232.5
c43d889cad1fe733e90b8ba8f723f27f,4232.5
3690aea9bc6e944cfea5988b145b7655,2167.003
3aca375b3c146feb5de0f8acb7ed6e68,2167.003
99ebedf87cf848214e69aca6bf91f2ae,2511.527
86e7a8f91ab73054f7f2ea54b599d1df,2511.527
98013101c8858b2a1a386fae1535aad1,1982.33
366d7dbcefbf31f0d2d2449978aac727,1982.33
723e24ec3a2c2a206050a665a7488bdf,1982.33
005896fbf6a3bf6078c80aee04bbb61c,1378.381
660cba75c6e0983bed42ed01bd28e08c,1378.381
eb885a900bb15b8dadf7cc763dba0e3b,1378.381
228823d8f1b3300647adb4a4b558c0b8,2161.897
8676a213c2df97af92e975ae6f4b35e0,2161.897
91ca78ccad15a3ce31e57cf752cedd5f,2161.897
3c61a3d7d80e0ce4a9297e15534aebd3,2369.605
335a804d6d2ec481f979e2a953af9fa8,2369.605
db1e7e99293e122ed25939f045e8e44e,2369.605
506775d9535b40b1af8737e9a0b17d2d,2945.839
a04291a6b3beeadf56b4ce1784c6e108,2945.839
b381fa457bba1c9618740f170d699ade,2945.839
78796a98835b3ac94287f878f8541d85,1352.309
175093bbc60009d8bb5ff5bdf03578c8,1352.309
e5832cf8c46028786c8573b94e3df429,1352.309
02a8e6e7eb9e64dac378aaad26f70871,1399.671
489423d346d63af7f908b755b8255c6f,1399.671
a8c61f53f23c95723886a1de16dbe8ba,1399.671
def868f84ed952643208c6683d963d84,2597.922
5e3fd4f253bbc85e9940e7ba07177577,2597.922
558aafa620d5b8dbe7c068fc63ca6bf2,2597.922
58ccf24c76400f1a7054640c5aaf2dd6,2305.937
0ea02cb0e3fb19e9361282e23cfe749c,2305.937
0c1f56e04c2471ad48103ba3407a8e06,2305.937
0caa5e7542f86ebd9fa0640e346ba63d,1589.156
37b8fe499e47672574c89a19ced2bdd5,1589.156
7092ae56b86e43b7011e1e657bc10714,1589.156
f45245c92bd463aa67a85ab2b917b83a,2200.069
380968ff8e18e0cd7d61b04c979d828b,2200.069
3f19a643af312685605e0fafff31afe5,2200.069
764729aa4c3670ec227f226719da0075,2824.147
a4a3c780fec19c46223ce81e0e7cf023,2824.147
340e9a9760cdc89e6c8a5262bd8726ab,500.658
62713610a7fa5d98b7639d985db7711a,500.658
acda0f86e0d1df08e329eec505aaf38e,500.658
f27e5da5ef2690a322347d3cc51bc1f2,2309.055
1f69503c20b8e72fc20174cddb88ee06,2309.055
07fcc494b7938f20b68ed699c6293ec5,2309.055
a6b63bdca98ff725f311c5948c924641,2105.503
557479da427989576387c9573052f463,2105.503
6d13d97980781a5f0d138f3befa28cb1,2105.503
f041382de777386dad68aee1c63ef206,2591.743
10926b945c20d420d180a76ec4d3c4f7,2591.743
e37f8a31b6553c2a8ae038e0506aeb95,2591.743
c773c344613043308e1c05be4b80f55c,2168.0
ae6c9de824d76917c755f31f40d59ce2,2168.0
f6bf51bd96e0eeb27a99c5d38ab68643,2168.0
af83a9433ca20a79deef33b7b96fe7b4,2341.493
f26a66837c12ce4d88b93054bbf0c3eb,2341.493
13c4314ca62d471a6b079945787337d4,2341.493
88ae554b5050186334fe8abc22f5d52e,1849.912
ec9789747b30853cf94cdd5d131b9c29,2482.98
a56b5d1956bb9dc2be993a58b4091cc1,2482.98
c96772f5664041f10cf76042acd56894,2482.98
7d4e13bd9b7f0b67561f7a5e6ef28a3b,1991.765
374cef3026063b23466795ed9b921345,1991.765
9a32c19b20487363d356e7bd75d8fe27,1991.765
6424e6f2a8d40eea2aeb35494b019094,2799.868
73c5206084b64d8d916f631e85cd1f9a,2799.868
8b88bad29049a4c4050ec1e8c6522b5e,2799.868
6b4dff26971ff1c61797d812b41421ac,2483.198
b2a5a4db8e03904f31f2937b12041a74,2483.198
be5f2dc14092591a7b946e3b56d70afa,1508.459
ea31c296c2205b4b1bd6977cde2077b8,1508.459
63ee504dc2b42ee5977901ac25464b9f,1508.459
f1b565fa1711ca177b93b4ec117de3ab,2065.897
ab5234ca348dc6d44083d8c64b55d367,1161.89
f576e1eb29cf2cf8b935e6e9af03092e,1161.89
ec1c389dc51892423d16afcad232fbb1,1161.89
c7480ae2c78d6f0c75b8bc36a040a9be,1485.163
4a37d98821302e718700d0e34e687522,1485.163
7a9c66e38b29444844a8733bd6b0a505,2447.328
ff2640f7b34fe43de6c8d3cf0f04634a,2447.328
4249a94f8414b407a43a557cdc3a20c5,2447.328
0c937e54a4149bfe680b213e4d25adc5,2488.866
5143c1561d0a1c4b8a66b73c1804a58e,2488.866
f9fa1e751f1207577ae977a73c728750,2535.652
f9fa1e751f1207577ae977a73c728750,2535.652
f9fa1e751f1207577ae977a73c728750,2535.652
f9fa1e751f1207577ae977a73c728750,2535.652
0a474397312cbc810a24e3524b2daa2a,2535.652
0a474397312cbc810a24e3524b2daa2a,2535.652
0a474397312cbc810a24e3524b2daa2a,2535.652
0a474397312cbc810a24e3524b2daa2a,2535.652
d1102fb6539abf85ee8f06fae3cc592a,2535.652
d1102fb6539abf85ee8f06fae3cc592a,2535.652
d1102fb6539abf85ee8f06fae3cc592a,2535.652
d1102fb6539abf85ee8f06fae3cc592a,2535.652
04118ce9c49038140db590e0f031cce2,2535.652
04118ce9c49038140db590e0f031cce2,2535.652
04118ce9c49038140db590e0f031cce2,2535.652
04118ce9c49038140db590e0f031cce2,2535.652
6a3db24fb8e061c865595c1c6b8370ad,2535.652
6a3db24fb8e061c865595c1c6b8370ad,2535.652
6a3db24fb8e061c865595c1c6b8370ad,2535.652
6a3db24fb8e061c865595c1c6b8370ad,2535.652
8222b9bf6767d48d12f7232e4be87f6c,2535.652
8222b9bf6767d48d12f7232e4be87f6c,2535.652
8222b9bf6767d48d12f7232e4be87f6c,2535.652
8222b9bf6767d48d12f7232e4be87f6c,2535.652
45ef0ba1d58daf1f373641da9af7f4fc,2233.096
45ef0ba1d58daf1f373641da9af7f4fc,2233.096
45ef0ba1d58daf1f373641da9af7f4fc,2233.096
45ef0ba1d58daf1f373641da9af7f4fc,2233.096
44bd5e79d432772291fc937b912d8f0e,2233.096
44bd5e79d432772291fc937b912d8f0e,2233.096
44bd5e79d432772291fc937b912d8f0e,2233.096
44bd5e79d432772291fc937b912d8f0e,2233.096
5e6d339298b6fb255b208c179012989b,2233.096
5e6d339298b6fb255b208c179012989b,2233.096
5e6d339298b6fb255b208c179012989b,2233.096
5e6d339298b6fb255b208c179012989b,2233.096
085fd178dcf54e9e3da4dfd47dfa392f,2233.096
085fd178dcf54e9e3da4dfd47dfa392f,2233.096
085fd178dcf54e9e3da4dfd47dfa392f,2233.096
085fd178dcf54e9e3da4dfd47dfa392f,2233.096
e767bf0f23bc6618923600bff4cedc97,2233.096
e767bf0f23bc6618923600bff4cedc97,2233.096
e767bf0f23bc6618923600bff4cedc97,2233.096
e767bf0f23bc6618923600bff4cedc97,2233.096
872a0387c6702b0023c72f0012a3468c,2233.096
872a0387c6702b0023c72f0012a3468c,2233.096
872a0387c6702b0023c72f0012a3468c,2233.096
872a0387c6702b0023c72f0012a3468c,2233.096
429272adcdfa2d6d9b061217f67a8a31,801.577
429272adcdfa2d6d9b061217f67a8a31,801.577
429272adcdfa2d6d9b061217f67a8a31,801.577
429272adcdfa2d6d9b061217f67a8a31,801.577
176a5466d1a66984d2327641fb6122be,801.577
176a5466d1a66984d2327641fb6122be,801.577
176a5466d1a66984d2327641fb6122be,801.577
176a5466d1a66984d2327641fb6122be,801.577
10a3b1c7db6653fd632b1381c9201431,801.577
10a3b1c7db6653fd632b1381c9201431,801.577
10a3b1c7db6653fd632b1381c9201431,801.577
10a3b1c7db6653fd632b1381c9201431,801.577
ddce6def29a381c1bf078b635f68290a,801.577
ddce6def29a381c1bf078b635f68290a,801.577
ddce6def29a381c1bf078b635f68290a,801.577
ddce6def29a381c1bf078b635f68290a,801.577
bdec3995df0908d9c5dbc3e71e9ce542,801.577
bdec3995df0908d9c5dbc3e71e9ce542,801.577
bdec3995df0908d9c5dbc3e71e9ce542,801.577
bdec3995df0908d9c5dbc3e71e9ce542,801.577
c3b02c0653947e53cc7f35485a9e9a9a,801.577
c3b02c0653947e53cc7f35485a9e9a9a,801.577
c3b02c0653947e53cc7f35485a9e9a9a,801.577
c3b02c0653947e53cc7f35485a9e9a9a,801.577
62bfbca8f37a054c8dc52f6eb1108ac2,2873.293
62bfbca8f37a054c8dc52f6eb1108ac2,2873.293
62bfbca8f37a054c8dc52f6eb1108ac2,2873.293
62bfbca8f37a054c8dc52f6eb1108ac2,2873.293
cc1786b40a89ca5fd88ce2fe7a26951a,2873.293
cc1786b40a89ca5fd88ce2fe7a26951a,2873.293
cc1786b40a89ca5fd88ce2fe7a26951a,2873.293
cc1786b40a89ca5fd88ce2fe7a26951a,2873.293
5af9c4203eb41fec68b9f4b58e0a4998,2873.293
5af9c4203eb41fec68b9f4b58e0a4998,2873.293
5af9c4203eb41fec68b9f4b58e0a4998,2873.293
5af9c4203eb41fec68b9f4b58e0a4998,2873.293
557d263abc0ebdc0874a3104de637121,2873.293
557d263abc0ebdc0874a3104de637121,2873.293
557d263abc0ebdc0874a3104de637121,2873.293
557d263abc0ebdc0874a3104de637121,2873.293
095868cb348629976f8c05c281e8abc2,2873.293
095868cb348629976f8c05c281e8abc2,2873.293
095868cb348629976f8c05c281e8abc2,2873.293
095868cb348629976f8c05c281e8abc2,2873.293
43ac5065ad5dfcfa71e7fe388480a053,2873.293
43ac5065ad5dfcfa71e7fe388480a053,2873.293
43ac5065ad5dfcfa71e7fe388480a053,2873.293
43ac5065ad5dfcfa71e7fe388480a053,2873.293
70fcf67b72e3a882a2da64fae48d5b86,3147.384
f87fa14ce801b37a47a1645b3adb903a,3147.384
f72663bdba71c0194041016813a579d6,3147.384
4a2b350e2f39ecf0d8fe080a51455f1a,1572.834
4a2b350e2f39ecf0d8fe080a51455f1a,1572.834
4a2b350e2f39ecf0d8fe080a51455f1a,1572.834
4a2b350e2f39ecf0d8fe080a51455f1a,1572.834
b1bf77c27895df1fbc4d44a73f847bb1,1572.834
b1bf77c27895df1fbc4d44a73f847bb1,1572.834
b1bf77c27895df1fbc4d44a73f847bb1,1572.834
b1bf77c27895df1fbc4d44a73f847bb1,1572.834
ff5275ec883d9cb2e2abfddb27eecc5d,1572.834
ff5275ec883d9cb2e2abfddb27eecc5d,1572.834
ff5275ec883d9cb2e2abfddb27eecc5d,1572.834
ff5275ec883d9cb2e2abfddb27eecc5d,1572.834
64a9e79d2c817d71f030cc9be0719d03,1572.834
64a9e79d2c817d71f030cc9be0719d03,1572.834
64a9e79d2c817d71f030cc9be0719d03,1572.834
64a9e79d2c817d71f030cc9be0719d03,1572.834
8d22c23c1e0c99ec6ed3deda87160e54,1343.801
949427ec1f452d8acd32a5c3311433bc,1343.801
aa04069becf0c2d91993837c69ffd6f5,1343.801
a23fdb8bacd1654564ce582d769a0916,2770.824
783891565e66260a4032cea80224eb8f,2770.824
c47e54642c0129d057ba322a11fcf7c3,2770.824
b9f87608ad65b8dbbf3c856be422c72d,4741.353
ec4e31fead3c8e80ad255aaa6ea75c2c,4741.353
333c35ca7e45cccdc2cb0d11bf681b54,4741.353
4d05d27b85a4f2d616320d1f8d5310fb,3427.283
89217caf06d4bb7ebfbf3238688e9dcd,3427.283
2aadf8a4783cee8b2184b333df30965d,1959.463
80511b018a0aebfffcc210d4f7d54d19,1959.463
eeb8b55a1b3478bbad269ab2fa30ba5c,1959.463
bd515ec9aca5a18088d18469ce1fc700,1053.716
796dbb1e70b5d94beff0320b8c6855d6,1053.716
d2d11484a616ea94b42084f479dfbc47,1053.716
6fa616bda5fddc05ca0f7a293a921265,2117.931
6a203951f59f86a8c16a10b426a023a7,2117.931
d91bbeb898f7d7d5f45f657e9ba5b434,2117.931
1072da6d7206a258e296f4ffe5634912,3009.898
c6d44c98bea0786d89278d5c837533c0,3009.898
8a2247a4f7ddc6af2d0760ec2795f90d,3009.898
0dfb3c2716747339ef76e409716e3fa7,1972.971
d1c2437a234df7dc53e57d25358bf46e,1972.971
0324154f3f1750902bc659743e501f7d,1972.971
f35ff92e331d3c7aad6ffd271adf58a7,3233.192
28ccc409ff38ec1b5bf9a4b09b18ff48,3233.192
d605f3aed025c13db2264053cbe9fd99,3233.192
2405756f234f52178f2f7629e75e65e2,1827.225
2405756f234f52178f2f7629e75e65e2,1827.225
2405756f234f52178f2f7629e75e65e2,1827.225
2405756f234f52178f2f7629e75e65e2,1827.225
f9b57555ccb9b87f1f1f5f93ffa543be,1827.225
f9b57555ccb9b87f1f1f5f93ffa543be,1827.225
f9b57555ccb9b87f1f1f5f93ffa543be,1827.225
f9b57555ccb9b87f1f1f5f93ffa543be,1827.225
8cae65c6b7912c8697ddead1b3128651,1827.225
8cae65c6b7912c8697ddead1b3128651,1827.225
8cae65c6b7912c8697ddead1b3128651,1827.225
8cae65c6b7912c8697ddead1b3128651,1827.225
d8fa449a2e1a00e07f90595c7922728f,1827.225
d8fa449a2e1a00e07f90595c7922728f,1827.225
d8fa449a2e1a00e07f90595c7922728f,1827.225
d8fa449a2e1a00e07f90595c7922728f,1827.225
05021ab781a62b4b5e0abc4b42a0b3e5,2644.5150000000003
c8ac9be567821d09d3f39b0368c9aa81,2644.5150000000003
d326f07545b68be669bd1f0183d826fd,2644.5150000000003
8e4a3f6dbee6e1175421951d3ed255f2,1496.868
f1eea7f4939be2d138bf10a64cecf352,1496.868
131be992a64c55d93c768f3ae3a088b2,1496.868
56d659ee10fd0ef5acb716263644f2b6,3813.877
b450ec64d9a38d8a3753637a9894a670,3813.877
0bdee52baef2e65dcb1e07929a3afd7e,3813.877
086f210d9e745d4aadfaf3febeedf596,0.0
b6f86c9393e2a55f4e993ec01dc1d4ae,0.0
2aaa39e8c7f22fbb678026f18ef1e726,0.0
a8f786f3907924eb63150141b4f4d375,2096.852
360194b796e6bf2f1a03478cc89ed176,2096.852
1e6b1ddd343e42467c35564bc0ff7b4b,2096.852
3eb2ce4a0750f4fbf3ca41163d031d09,2614.08
9b7fafea0c9a05e5e3829e36533eb00f,2614.08
e9f9c879c69144846a8d609edbc41e07,2614.08
84a909b127188c5e95c9c64ab12f7a79,1175.058
14924fa57630d929097f7f1d8ed1d0b1,1175.058
3ad63d2b5bfe15e8b08a43a7daa01b8c,1175.058
c66eeb2df146452bd9117da6ffcb2eb6,1592.048
c66eeb2df146452bd9117da6ffcb2eb6,1592.048
c66eeb2df146452bd9117da6ffcb2eb6,1592.048
c66eeb2df146452bd9117da6ffcb2eb6,1592.048
a8bd04607769d6898c7a81934dd5411b,1592.048
a8bd04607769d6898c7a81934dd5411b,1592.048
a8bd04607769d6898c7a81934dd5411b,1592.048
a8bd04607769d6898c7a81934dd5411b,1592.048
0635b0aae432579bc6d935d7f740e064,1592.048
0635b0aae432579bc6d935d7f740e064,1592.048
0635b0aae432579bc6d935d7f740e064,1592.048
0635b0aae432579bc6d935d7f740e064,1592.048
288ec6eb4542be1d490a7df035d8ab6b,1592.048
288ec6eb4542be1d490a7df035d8ab6b,1592.048
288ec6eb4542be1d490a7df035d8ab6b,1592.048
288ec6eb4542be1d490a7df035d8ab6b,1592.048
97d917c2b4ee984400dcc3033821479c,1592.048
97d917c2b4ee984400dcc3033821479c,1592.048
97d917c2b4ee984400dcc3033821479c,1592.048
97d917c2b4ee984400dcc3033821479c,1592.048
2e28a07167b8f0bc7453ee057e39053c,1592.048
2e28a07167b8f0bc7453ee057e39053c,1592.048
2e28a07167b8f0bc7453ee057e39053c,1592.048
2e28a07167b8f0bc7453ee057e39053c,1592.048
effe833156c98e459b1713eec82efad5,2065.39
99ea2cf1685b976ac1bd631a6e4d78ba,2065.39
357d157640f9eed28a80a994486b3c57,2065.39
17bd749e1a75e390f64177e62415bea5,2846.029
96704ba4415fc79f3f2dfa40227dab5b,2846.029
8b5f66bdb824fa664eae094b427c2c44,2846.029
929c81f6ed267348b09a1c297cda2334,6881.837
41997f17c9b90a2dbf66f91443c7fbe1,6881.837
9103e8921e38740200f53062addeb7bc,6881.837
d0fcbd7e7b5f7b104cd43c22af1f4eff,1780.38
8f54c39f4a2804eeb30b0036aa5deb9a,1780.38
f9977be8a0f8c80a560341e2a863a83a,1780.38
c393f731d1804c9ff21f582ae014c919,2239.045
560295b8ce9ad154d9a6c5818687fb77,2239.045
5f67ae6624504b2f822440737c7c23f7,2239.045
df073a8636c41b52d8462fb97cf0c072,3418.754
a6bfb0e40876c5798e4e346eee54fead,3418.754
fe532835f045fcb10b1a9597db703138,2306.25
916a75eae4b116e99f6664170ac009e7,2306.25
e3eef212cfcf163062ce4ac1454d558a,2306.25
091b69838747d0ea0481413a2ceb7ccc,2137.624
3c92cb765dee47a080b03548057f7044,2137.624
426187d7631a3dc1855f4d8765fc5125,2137.624
2399312918ff07ffc89ab22a3121d668,270.405
044ef41df8ccc4faf2611ba024fbcdc0,270.405
5253fdf6c237dcd5ca33bd4e94a61800,270.405
130c0d32c947deb5050e0e2121d19925,1219.083
d9ac6c39c08ecb0f0cfb5cf971f2d973,1219.083
9506cebbd6423ddee9044c8948a440e1,3390.639
0e5bf20bd9726bb3b758720925703b96,3390.639
772704c76149ae28a1aece2f8368b7c1,3390.639
3ee1139ad7aa23d0ffa408160b871733,2791.419
dfd2c97a2f9cca56c7d66416b39f0dbf,2791.419
36d37ed4f0fb7d4791314f54130a20d0,2791.419
56e9d11696b8ec19418489a1425572b4,2255.056
a4478025b1e239dfce53f44dec556785,2255.056
df6bbc2f2a14abd21d336da1a40ef8cc,2255.056
9f509bfa19b730194e160122d00ab51d,1307.501
3c65de6e400f50368b6c54e9c384c401,1307.501
e88caef36f05860b99a467d01a4fa996,1307.501
a1ea346c14ad2dd51d0a427fad68fd76,1010.537
796d58a8b362c8a82efdd8fc41413c99,1010.537
c6af42d12749832d6bf11212b6961409,1010.537
6e1a19ffa353a2211392bbd56f641aef,3299.333
05fa8e25bfdd309f720948b9be828104,3299.333
e11bf0a62a7bc731f439ee9e6c67f129,3299.333
425ad9f3a32fc65e542f15cda25c43b5,1394.339
7bdfb0da15c1832b8d94bc5a4abebf3c,2291.755
7bdfb0da15c1832b8d94bc5a4abebf3c,2291.755
7bdfb0da15c1832b8d94bc5a4abebf3c,2291.755
7bdfb0da15c1832b8d94bc5a4abebf3c,2291.755
e95f2b8bf50103ff79eedf8e2c94a995,2291.755
e95f2b8bf50103ff79eedf8e2c94a995,2291.755
e95f2b8bf50103ff79eedf8e2c94a995,2291.755
e95f2b8bf50103ff79eedf8e2c94a995,2291.755
925df91ded6933034ef87df76884f67d,2676.08
c0eff07af8b0300a499c560b656bd353,2676.08
e51ce1338c828865a3223b91bd35764c,2676.08
f2b1c8e069b01f6c0486782828d2c468,1457.451
f2b1c8e069b01f6c0486782828d2c468,1457.451
f2b1c8e069b01f6c0486782828d2c468,1457.451
f2b1c8e069b01f6c0486782828d2c468,1457.451
4d62ab7d0ed6f4318fe064e9689bf894,1457.451
4d62ab7d0ed6f4318fe064e9689bf894,1457.451
4d62ab7d0ed6f4318fe064e9689bf894,1457.451
4d62ab7d0ed6f4318fe064e9689bf894,1457.451
794b9a22c98b8ea6e1f0efe151494e63,1457.451
794b9a22c98b8ea6e1f0efe151494e63,1457.451
794b9a22c98b8ea6e1f0efe151494e63,1457.451
794b9a22c98b8ea6e1f0efe151494e63,1457.451
199f5acdcf6814a16fab57a356aca88f,1457.451
199f5acdcf6814a16fab57a356aca88f,1457.451
199f5acdcf6814a16fab57a356aca88f,1457.451
199f5acdcf6814a16fab57a356aca88f,1457.451
2809061cbac28c88fe80f7b2be16e621,1457.451
2809061cbac28c88fe80f7b2be16e621,1457.451
2809061cbac28c88fe80f7b2be16e621,1457.451
2809061cbac28c88fe80f7b2be16e621,1457.451
33a34f2ce2bac28abe8265410da5fd5f,1457.451
33a34f2ce2bac28abe8265410da5fd5f,1457.451
33a34f2ce2bac28abe8265410da5fd5f,1457.451
33a34f2ce2bac28abe8265410da5fd5f,1457.451
32f9a8c1add56cc83119114c0694aa7b,2022.0
46d76913f96e0950d0b055b8b07c261b,2022.0
0ecebeb9592608a69ab1dd58b2f183ec,2022.0
296ab41987eebd985b1dc600b88848d6,3527.0
9c82ced5b8d93496ef96c7f45ab341dc,3527.0
87fbc48f7ea0e8f927bb18723453ad87,3527.0
032ff5d57f2f12b5d9cc41e46fb3df64,1237.936
032ff5d57f2f12b5d9cc41e46fb3df64,1237.936
032ff5d57f2f12b5d9cc41e46fb3df64,1237.936
032ff5d57f2f12b5d9cc41e46fb3df64,1237.936
aba6d3bb84f5cfa0cdd9cf3d3f07d5a4,1237.936
aba6d3bb84f5cfa0cdd9cf3d3f07d5a4,1237.936
aba6d3bb84f5cfa0cdd9cf3d3f07d5a4,1237.936
aba6d3bb84f5cfa0cdd9cf3d3f07d5a4,1237.936
91f1218e4148bda694d13ee3a644c2e3,1237.936
91f1218e4148bda694d13ee3a644c2e3,1237.936
91f1218e4148bda694d13ee3a644c2e3,1237.936
91f1218e4148bda694d13ee3a644c2e3,1237.936
409cf3ff5020098f3316e760bb3b0774,1237.936
409cf3ff5020098f3316e760bb3b0774,1237.936
409cf3ff5020098f3316e760bb3b0774,1237.936
409cf3ff5020098f3316e760bb3b0774,1237.936
346b6b70b770b38ef0720d6646bbcf7d,2464.25
79edc786a32cafe0a8ea292a1126e4c9,2464.25
2fd389e23994d2af4f444bcbe862185e,2464.25
30886ba1d3530c00fd0a8ea249d14f5d,3298.8950000000004
0df0459a597cd11a11d82fafaf36e221,3298.8950000000004
41b224fc637560a004027d1ee83c5676,1664.415
e74da9af6c5c09f0e27cc5824791810e,1664.415
96d74410be03a41a6f18b62564313c00,1664.415
7cdeb8a5853aa1ef9c172f33919a79e4,3584.135
58af951fcf71ac11c78a3c060e8ab08e,3584.135
6bfe069d57c81e1437a53aa9c2cad4ca,3584.135
6ae55e41dd719b01214dba37b681e6c2,1915.586
e6303fafe1b80a55324d11bad623560d,1915.586
76783d7ef5f58b5ab17335838f68fce6,1915.586
3b5d322cba850420ad9abd7cf408f548,2314.008
75a0efcbfe6e842fd6ee3d2c31bd76ec,2314.008
ff432a2b023e0e63c3135026717542a3,1913.61
cb82a057158fc890c28f1123142e4f65,1913.61
90257f0f8d65af2a99ab98910bb2fcf2,2933.94
7a1eee89b567a03eb25d7f734e65a259,2933.94
fb261725cb38a4e1368d6f858c0afd41,2933.94
8ecc20406759b4b32143d23d67a44bea,3259.442
fb3394474880f9bfceba701ae6aa8173,3259.442
2c23260d741eca555946fdbd56a03a70,1684.113
695d3dbb9cdc70fd7c11c90116c1f9f9,1684.113
ca7e2150a9e6733c4b742027388411e9,1684.113
130c5612a336b2d3b22570bc35f2373f,2335.125
ee0cc3f96fce0446a340c98b32cbe020,2335.125
e4ab6618be8a69dd2ef62b14c0857865,2335.125
526425dd86c4bad348528956104c72f5,2118.884
91773a44de87840b468c6d969adeced5,2118.884
b5e89784bae70945d0da78777b0eb71c,2118.884
61aff04bd18c501684ded2c2138f1812,2453.566
9c5a3e6e9f74c5acfc8496a08c2d3f50,2453.566
d75caf6203c01044fe77e8d38ff8ee1d,2453.566
c77fe3b5031ad2dc6a7a75211fe2d95a,2196.038
5ea68ecf497a77f15f9df29b2e1b556b,2196.038
822cfa078407982f08b06f8794b14de3,2196.038
a78e40d6e4c4be2ecb462bba422651f0,2278.01
4087484d8f213c6827ef438572ae480e,3413.886
ccd59557ca27ee7c01d2231d55096998,3413.886
ebc17e0815ef6ebe9df943bb57ace3f7,3413.886
3e86c2cc1c7c1448dd2f2016f7ce065c,2310.609
a7f01536f7afdf287c9d1cd1189ff250,2310.609
5316bddc7d2ae47356dae994ef3823a5,3015.191
d58a9742a1c8b304f9222674e5f73a1f,3015.191
ce5f8235808d704f9653b80988c90a97,3015.191
501ea2931b55a357435475ecf40e955c,2707.701
6da99c8c0f3ec2cba0b1c59054799a08,2707.701
ece6df9c984ae4aaef33c8803017ad70,2707.701
acb01a509c2b81c2521515ae86dec470,1863.315
b04a15571f5cdd962734170da703bfb1,1822.98
ca5010b9e887882befd6523e715b1afb,1822.98
3c0216305f3f7391cd9c3cc038ffb7f3,1822.98
061c5fa024ed0d76e86c9459da0126b9,2321.233
061c5fa024ed0d76e86c9459da0126b9,2321.233
061c5fa024ed0d76e86c9459da0126b9,2321.233
061c5fa024ed0d76e86c9459da0126b9,2321.233
cfe198727048c5c112ceddb3c5ef9db9,2321.233
cfe198727048c5c112ceddb3c5ef9db9,2321.233
cfe198727048c5c112ceddb3c5ef9db9,2321.233
cfe198727048c5c112ceddb3c5ef9db9,2321.233
52f298ba927d992813da849069d1f67d,2321.233
52f298ba927d992813da849069d1f67d,2321.233
52f298ba927d992813da849069d1f67d,2321.233
52f298ba927d992813da849069d1f67d,2321.233
6a4a4e6ce93b07e7805a849c4f4d156d,2321.233
6a4a4e6ce93b07e7805a849c4f4d156d,2321.233
6a4a4e6ce93b07e7805a849c4f4d156d,2321.233
6a4a4e6ce93b07e7805a849c4f4d156d,2321.233
64fecf2206356cabdd05c28f91b3e0a4,2321.233
64fecf2206356cabdd05c28f91b3e0a4,2321.233
64fecf2206356cabdd05c28f91b3e0a4,2321.233
64fecf2206356cabdd05c28f91b3e0a4,2321.233
73cd95fca2e01b3f11949fdf6bef5702,2321.233
73cd95fca2e01b3f11949fdf6bef5702,2321.233
73cd95fca2e01b3f11949fdf6bef5702,2321.233
73cd95fca2e01b3f11949fdf6bef5702,2321.233
285b233cbd7f1084a1c9bf0f1bc9a173,5455.826
8ec1d4c86c6fa382fccfd86e07c6d513,5455.826
8977a120b080f40c0a32b04bf06bc863,5455.826
d5fc8ec890f3fc0df9ab2a70e71367de,1373.733
a0058ae7a0e538aa8ef39ab0119fa224,1373.733
c16e98ac39ab4c740075e56a9c18acef,1373.733
2ff2ef877a1f926fcf89fc53df88297f,7299.094999999999
647be11a9d77366379971ec8b7ae5f9f,7299.094999999999
613e0629ffe0b21be685aadd204e50c6,7299.094999999999
cce679c540e407f70afc3d8cd7b30664,2306.759
7233b0385231f86e4b690352ee9cd054,2306.759
3755fda5bbae33b8d125d55f620bd506,2306.759
5e488d46a1792304b7bf5c2e9c22d6f3,1777.845
98abb4de60b3ef73c2413cee954bcd83,1777.845
726383fd8d544ecc198fcfc6b2458704,1777.845
39ad968ca477c6e671c1f48547806f55,3604.932
39ad968ca477c6e671c1f48547806f55,3604.932
39ad968ca477c6e671c1f48547806f55,3604.932
39ad968ca477c6e671c1f48547806f55,3604.932
ba4d730bf3e048169c9005441f635cf3,3604.932
ba4d730bf3e048169c9005441f635cf3,3604.932
ba4d730bf3e048169c9005441f635cf3,3604.932
ba4d730bf3e048169c9005441f635cf3,3604.932
8360c2392d29a42ddf8f4b89611d0ed5,3604.932
8360c2392d29a42ddf8f4b89611d0ed5,3604.932
8360c2392d29a42ddf8f4b89611d0ed5,3604.932
8360c2392d29a42ddf8f4b89611d0ed5,3604.932
b404480c19a43e8b65ed0cc9bd8075b2,3604.932
b404480c19a43e8b65ed0cc9bd8075b2,3604.932
b404480c19a43e8b65ed0cc9bd8075b2,3604.932
b404480c19a43e8b65ed0cc9bd8075b2,3604.932
2b92619713bdb5439e8c55b46b96541f,3604.932
2b92619713bdb5439e8c55b46b96541f,3604.932
2b92619713bdb5439e8c55b46b96541f,3604.932
2b92619713bdb5439e8c55b46b96541f,3604.932
1eb64e97eef7b3580e0319b4c5fb3bdb,3604.932
1eb64e97eef7b3580e0319b4c5fb3bdb,3604.932
1eb64e97eef7b3580e0319b4c5fb3bdb,3604.932
1eb64e97eef7b3580e0319b4c5fb3bdb,3604.932
0638cfa3a9dddbc40e51c3d495e18d2d,1893.414
942d521032689f840a44bd0596ee6c46,1893.414
4f878c3b0c7891b852c35617083559c0,1893.414
dd52965e232dd357a4367d6ff5ed162f,2112.74
342fbbf8e58cab790a64b7f8656b297c,2112.74
b00ff673fea669ff7ccf8132b0405a77,2112.74
a8f82e51d921e603dfca9d083154424d,2073.4390000000003
545666ff85ec24999ad64181ae2a00b2,2073.4390000000003
800aa901fe4505666ccd6042cc857a6a,2331.466
5fe06dc4e35fd40b6e279e453d6902aa,2331.466
5ba58a358f46a0904e4775aa47f2201f,2331.466
b02f0548c826ba1b983587f972e22fda,2020.036
9d136ee7179ec5ba2667afc15239a0cc,2020.036
c6490733f55bddefd2f49ca8af203a82,2020.036
702df3ce55df3fe47fd3624f289c32d6,1166.324
4015004929e40f61599d962fb6e49e5e,1166.324
6ee7c898101f767432ff435a7d830c5f,1705.28
1ef11af7daa5ceccf9c3a5f5c2611eaf,1705.28
61b5fc2bb96d5093d42a5dec3f083407,1705.28
6ae23296c439ce1b1da0b024d8b85da2,1780.509
8b92d8f03c8a8eca832aea0188a5a703,2970.0
4cecaa4462cbc83f6675f70e49e11541,2970.0
3234604dcd7ba9b2b2cff7f496ad3e2d,2970.0
319af3515335c6a3353471d61bf82a80,3227.044
895d9097801cc501d80f4db663e4085e,3227.044
799c9138908b5ffdb4c3b378df97514a,3227.044
edee52c9a40983917be4c30941d7a9df,2541.965
4831efb045788c18004972f9c99b95cd,2541.965
e7cc6a4ea72e3794d7bae5343ccc9abf,2541.965
57d2d83ba3f4b36b6c9528b977f28c29,2877.634
3a61e915bdcd034a9c78f6fa33dba45f,2877.634
1509fb10550d5bd61de7915310c9eb83,2877.634
f1a6db490e2f0e6537822c32a7a036d5,2820.138
23ccd3084e08e4bae6d7c1bcaf4d98ba,1558.7
5f24d72f7222a726c59b2e9976172eb5,1558.7
9bfbc4d6ddf074d99ac10bbbb3caf7fc,1558.7
c77f39cd604e96f9a3ab08769f81443f,8142.183
9c9c7a552ce79bd306b3a49427b4033c,505.966
9c9c7a552ce79bd306b3a49427b4033c,505.966
9c9c7a552ce79bd306b3a49427b4033c,505.966
9c9c7a552ce79bd306b3a49427b4033c,505.966
79b86ec3ebf60e65e084ba2a05f990e0,505.966
79b86ec3ebf60e65e084ba2a05f990e0,505.966
79b86ec3ebf60e65e084ba2a05f990e0,505.966
79b86ec3ebf60e65e084ba2a05f990e0,505.966
1490cf626f2e17bd0454e2cc69f69ef3,505.966
1490cf626f2e17bd0454e2cc69f69ef3,505.966
1490cf626f2e17bd0454e2cc69f69ef3,505.966
1490cf626f2e17bd0454e2cc69f69ef3,505.966
20a51d81789b801dd89b6f25e5f3968d,505.966
20a51d81789b801dd89b6f25e5f3968d,505.966
20a51d81789b801dd89b6f25e5f3968d,505.966
20a51d81789b801dd89b6f25e5f3968d,505.966
6e754af70a9139e956a009ac5e2855d2,505.966
6e754af70a9139e956a009ac5e2855d2,505.966
6e754af70a9139e956a009ac5e2855d2,505.966
6e754af70a9139e956a009ac5e2855d2,505.966
9e99f38c771203d4f4dbbafd6aa7a5bc,505.966
9e99f38c771203d4f4dbbafd6aa7a5bc,505.966
9e99f38c771203d4f4dbbafd6aa7a5bc,505.966
9e99f38c771203d4f4dbbafd6aa7a5bc,505.966
8aacd533e9a5b8da90844c51b01fd271,1491.758
557bcabc3b6ce9bf826f19394fdc704a,1491.758
c2f888e85b70db89390584edd7ae4311,1491.758
607f812099c71780a6016d1e3fb5ef56,316.0
c892b1843d1f835e1aa6e4783bebfabf,316.0
0555229a09e94624dc51ec366dba6382,316.0
61c7f47da0cbeee808ca97d75bf526b3,2320.748
2effcfa971f0ab6fd3a561b1d3c7b2ef,2320.748
4982bd9db960485244a28d0f0bc78425,2320.748
56f6047315c6a5a7e9e4b01e11d630fe,3185.121
a7879bea4570c65941937d660c1360cf,3185.121
a93fe048df9ccccfc19e09dac7209a23,3185.121
4de12f70e99fbff1ce4a74ce946d7499,1900.46
c6f1ddbdf6d8eef7af2d373910153bd0,1900.46
d63fb004871a11a755068be624c87174,1900.46
90f14f444013a1dc297128dbc7e6c476,1491.6570000000002
508d7a09d736b8acaa7509196a619723,1332.0
ba1986e5fdcd8065b283a6b527c64902,1332.0
2168f6d3ab261d3fd33e4714f0a627c0,1978.998
2168f6d3ab261d3fd33e4714f0a627c0,1978.998
2168f6d3ab261d3fd33e4714f0a627c0,1978.998
2168f6d3ab261d3fd33e4714f0a627c0,1978.998
11c7f1f88b259730c3a70a10cc031949,1978.998
11c7f1f88b259730c3a70a10cc031949,1978.998
11c7f1f88b259730c3a70a10cc031949,1978.998
11c7f1f88b259730c3a70a10cc031949,1978.998
55824b387f266dcfad24fa4437dbcce5,1978.998
55824b387f266dcfad24fa4437dbcce5,1978.998
55824b387f266dcfad24fa4437dbcce5,1978.998
55824b387f266dcfad24fa4437dbcce5,1978.998
687f0c2eebbd53448ab9da91c2a20434,1978.998
687f0c2eebbd53448ab9da91c2a20434,1978.998
687f0c2eebbd53448ab9da91c2a20434,1978.998
687f0c2eebbd53448ab9da91c2a20434,1978.998
caf8bc7b8a1be6c4f3e137e9ea43138b,1978.998
caf8bc7b8a1be6c4f3e137e9ea43138b,1978.998
caf8bc7b8a1be6c4f3e137e9ea43138b,1978.998
caf8bc7b8a1be6c4f3e137e9ea43138b,1978.998
2bf78d2451eaadee51466fe6e0322b03,1978.998
2bf78d2451eaadee51466fe6e0322b03,1978.998
2bf78d2451eaadee51466fe6e0322b03,1978.998
2bf78d2451eaadee51466fe6e0322b03,1978.998
eceb93e62ab05fb406f6b7f771871dda,2391.312
224d0790b7f0cf582951b5c2afd340d9,2391.312
dc5ff1277744775862034bbec1f66a45,2391.312
487d90661d49c72898609acf493df54c,2017.243
df97abf1c37d0c7398949dbbee00e17a,2017.243
620a508e81e921cb610d0084d55770a5,2017.243
7ccc3ebdeeae0736aab41a6a7a966b9b,1303.83
c47b1b9517c25fdd9da2eafb9a86e894,1303.83
dc493e2785a4f90171236dd36ce6d3ca,1303.83
7189e2347ff774f9ad11ffc70a2b67ac,2579.704
a233a9ec5161892e0c33b4cd425f3dc8,2579.704
2e0631a0f81843017bd09f8386204261,2579.704
55a7eeefe400b05247a9085f1c47a4fe,3280.757
55a7eeefe400b05247a9085f1c47a4fe,3280.757
55a7eeefe400b05247a9085f1c47a4fe,3280.757
55a7eeefe400b05247a9085f1c47a4fe,3280.757
75699ca87313d78ad11686778fe01ac0,3280.757
75699ca87313d78ad11686778fe01ac0,3280.757
75699ca87313d78ad11686778fe01ac0,3280.757
75699ca87313d78ad11686778fe01ac0,3280.757
7e1b3cb0ab0b5f6aa047f874ff0a0aab,3280.757
7e1b3cb0ab0b5f6aa047f874ff0a0aab,3280.757
7e1b3cb0ab0b5f6aa047f874ff0a0aab,3280.757
7e1b3cb0ab0b5f6aa047f874ff0a0aab,3280.757
787272398864bdf175a53bde8417ed12,3280.757
787272398864bdf175a53bde8417ed12,3280.757
787272398864bdf175a53bde8417ed12,3280.757
787272398864bdf175a53bde8417ed12,3280.757
2eb0fe3d6f7705e68b5aae25d37d9f1b,3280.757
2eb0fe3d6f7705e68b5aae25d37d9f1b,3280.757
2eb0fe3d6f7705e68b5aae25d37d9f1b,3280.757
2eb0fe3d6f7705e68b5aae25d37d9f1b,3280.757
ccb7ca73f15f0aaef70978987548fca4,3280.757
ccb7ca73f15f0aaef70978987548fca4,3280.757
ccb7ca73f15f0aaef70978987548fca4,3280.757
ccb7ca73f15f0aaef70978987548fca4,3280.757
7afa79fb708563fa6a96e258c326d66f,1063.318
7afa79fb708563fa6a96e258c326d66f,1063.318
7afa79fb708563fa6a96e258c326d66f,1063.318
7afa79fb708563fa6a96e258c326d66f,1063.318
57064fb064ee29d6cb05a54365614770,1063.318
57064fb064ee29d6cb05a54365614770,1063.318
57064fb064ee29d6cb05a54365614770,1063.318
57064fb064ee29d6cb05a54365614770,1063.318
3d86a7cbfc5c01bee9bf3ca4f1803743,1063.318
3d86a7cbfc5c01bee9bf3ca4f1803743,1063.318
3d86a7cbfc5c01bee9bf3ca4f1803743,1063.318
3d86a7cbfc5c01bee9bf3ca4f1803743,1063.318
7d7893a3029918631dfb9c412b863706,1063.318
7d7893a3029918631dfb9c412b863706,1063.318
7d7893a3029918631dfb9c412b863706,1063.318
7d7893a3029918631dfb9c412b863706,1063.318
0d5730b26bd2227faa11a3b39700e8a8,1063.318
0d5730b26bd2227faa11a3b39700e8a8,1063.318
0d5730b26bd2227faa11a3b39700e8a8,1063.318
0d5730b26bd2227faa11a3b39700e8a8,1063.318
03dd550ab80e225d9873cecb3374bc6d,1063.318
03dd550ab80e225d9873cecb3374bc6d,1063.318
03dd550ab80e225d9873cecb3374bc6d,1063.318
03dd550ab80e225d9873cecb3374bc6d,1063.318
953e603b37d7b5346bf2859c7fea6e97,2228.293
7837eb0d8bb70984fa966f9b8cd80d7c,2228.293
45c0ab67ff870b0205eefb63ae496938,2228.293
738bf1bec86ee77537733174437df410,3306.946
4f5443842c50f01274b7e16fd7293c9b,3306.946
608acdb1b66d99fc98bf156fbf19c18f,3306.946
b599591f4241e940aa01965243044099,1224.4
9a66075492c3cc424dc9226d2c2ae8d2,1224.4
9b85e59e2d2ee802750ac5338cc5d483,1224.4
c34112b6a23298929a872185238aacd2,1372.247
dfdf0cf620e7f2cff92ba4d1ce1ee6ec,2038.223
ede85ff55209382440be41ae13e0774d,2038.223
34e2942e91b5aaad5869d8b60cc38ab7,2038.223
45d9cec6acafed65366787d3e8c3184b,3067.715
6e657a6ae8a456490c4e6be2785c8c77,3067.715
72052ae38afb964ad9250a1c10bea80a,3067.715
a2ec894be7e709785551d4a030d088fd,2464.552
d2e942bc19dcc6c4b26116567c4a11c3,2464.552
7c3463c74e89eceff67b374d48b9c838,2464.552
c9ed5462beb98eb963a0a5d0ff7b1639,1931.964
c9ed5462beb98eb963a0a5d0ff7b1639,1931.964
c9ed5462beb98eb963a0a5d0ff7b1639,1931.964
c9ed5462beb98eb963a0a5d0ff7b1639,1931.964
f455aa761a1dce63c0b57d353540d606,1931.964
f455aa761a1dce63c0b57d353540d606,1931.964
f455aa761a1dce63c0b57d353540d606,1931.964
f455aa761a1dce63c0b57d353540d606,1931.964
50f57b4b9832a682e3088cb3cb2fe80d,270.64
710420bc46905746c6555833f00db15d,3324.056
0ad42de12a68c5c918989d4d03b58f3a,3324.056
f4f30b659f95d61bba16378d34a0c53d,3324.056
0c72c8aa52c8e4ca480efb82691dd595,1181.333
72e437c2705d238fa7bf3ac61ae97183,1181.333
c254a0b1e7b8a9ed9ef830703bd149a2,1181.333
0604c04e99df0f6155e8205f2713676b,2265.668
3315c2573cd711711572fff07fe0f384,2265.668
08d8c3c5bdc3d6c22e38fc6cb7c9e059,2265.668
01f845ac3efbb5d4747d88d6baeaabfe,2880.018
ecc0a3d03e10484ac9b2d46884b8c8c1,2880.018
73e7c71cc629b4f59103b51c4d8149b6,2880.018
b1759add0e59a85e9c364109fc77ffc3,2185.536
4efe9934cba0f60e4fa3186a55e94f11,2185.536
bfa3f4db95ae18da13a501acf3427b51,2185.536
eba67cb15b1226559b35e3ab24920039,3147.34
c28750c73809427a2a620ed6fd075698,3147.34
90545e8b7c208aed0ba4058656ae56b0,3147.34
4ffe34ac9d8c9b0563f129ac708d4090,1073.4
cefcc349f6ecb7d55030928187623360,1073.4
5bf003470ea42144206fd9cf15b624cb,1073.4
eb4dd9d16d8028d658ec53ae08cf4784,2360.772
b7d04d6e12e1acfbe32e5daa25ac8722,2360.772
6d3a19fa9f73df22062e2f8549a62cff,2134.804
44b934b9dd39cbdb2c59ed48a72e4610,2134.804
118f8fd89b368779eb55cea55014a807,2134.804
2266c49589c85fed1823fef594bc06fa,2675.799
43f68c0797d9565712d026a75635a865,2675.799
a77e5af4ce2e23455e87f8923e656be0,2675.799
c0b67341eee1e63edae1156b03f8a3fd,1728.627
e01f4459a744daa3734209e94fe17bf7,3090.253
e5714b56cb0cbf2c7ae7b810e4388fdb,3090.253
e5ac0c78478f4a9a874bb070c546eab0,3090.253
e6dd97242cf877f56aca2f2144db42ba,1699.893
92ad737d90680280f4c778aa61eeb4bf,1699.893
6a5a4f1f45a0705278c3e932efc2c5c6,1699.893
a5db5f46a580deda75fedfc4efa10b9b,2510.602
2169362e5e55969c963d70885f4de839,2805.613
47bc41640617bdcf68d924128277d6ca,2805.613
4a7221ab8fa16445177b42faba523be4,2805.613
0f2037cb82f080ff75d493dc65780237,1380.726
3ff03b5bf4e7b43f2f149ad4f35f8ed9,1380.726
c299a252bef4a17f751294550ad56031,1380.726
1de43172df40426246363bc5007c871b,1288.945
b8affe291c74280b1ec222690889c6f2,2491.255
7ecbe9f4715d8ddf788ab1f228d4ca71,2491.255
9e120953c7924fd98d1d32da7f634ab4,2491.255
2114ef84e4b025cdfcc26b49a0711782,1334.31
2114ef84e4b025cdfcc26b49a0711782,1334.31
2114ef84e4b025cdfcc26b49a0711782,1334.31
2114ef84e4b025cdfcc26b49a0711782,1334.31
7fae02023147734ca50249f506007396,1334.31
7fae02023147734ca50249f506007396,1334.31
7fae02023147734ca50249f506007396,1334.31
7fae02023147734ca50249f506007396,1334.31
691d96c059d16219e1131bd36fe88e2f,817.795
f47077f273686c870be330b3e7645450,817.795
bd9139533f61cad44c2504812376394c,2310.456
bd9139533f61cad44c2504812376394c,2310.456
bd9139533f61cad44c2504812376394c,2310.456
bd9139533f61cad44c2504812376394c,2310.456
6542ccb3499a78050a458be92e166ce1,2310.456
6542ccb3499a78050a458be92e166ce1,2310.456
6542ccb3499a78050a458be92e166ce1,2310.456
6542ccb3499a78050a458be92e166ce1,2310.456
d7f76186791f5b435f51ba657469312e,2310.456
d7f76186791f5b435f51ba657469312e,2310.456
d7f76186791f5b435f51ba657469312e,2310.456
d7f76186791f5b435f51ba657469312e,2310.456
7ca8df6d266fa6ad5d6290c3d292286c,2310.456
7ca8df6d266fa6ad5d6290c3d292286c,2310.456
7ca8df6d266fa6ad5d6290c3d292286c,2310.456
7ca8df6d266fa6ad5d6290c3d292286c,2310.456
d471e91f3d10dd7c901c23b1e65be960,2310.456
d471e91f3d10dd7c901c23b1e65be960,2310.456
d471e91f3d10dd7c901c23b1e65be960,2310.456
d471e91f3d10dd7c901c23b1e65be960,2310.456
01657370ce1018f3f83028756f51e79d,2310.456
01657370ce1018f3f83028756f51e79d,2310.456
01657370ce1018f3f83028756f51e79d,2310.456
01657370ce1018f3f83028756f51e79d,2310.456
5e89b9a75bfa9a1013bdf341022712b4,2803.75
5e89b9a75bfa9a1013bdf341022712b4,2803.75
5e89b9a75bfa9a1013bdf341022712b4,2803.75
5e89b9a75bfa9a1013bdf341022712b4,2803.75
2ce4a7d0fec471c368407991245441d6,2803.75
2ce4a7d0fec471c368407991245441d6,2803.75
2ce4a7d0fec471c368407991245441d6,2803.75
2ce4a7d0fec471c368407991245441d6,2803.75
d92074be1d2bb9500a62de7e85a50216,2803.75
d92074be1d2bb9500a62de7e85a50216,2803.75
d92074be1d2bb9500a62de7e85a50216,2803.75
d92074be1d2bb9500a62de7e85a50216,2803.75
012cd3ae9b455d36e3422fd411159f65,2803.75
012cd3ae9b455d36e3422fd411159f65,2803.75
012cd3ae9b455d36e3422fd411159f65,2803.75
012cd3ae9b455d36e3422fd411159f65,2803.75
56eb995c532f7f385d59bd25e31afb78,2803.75
56eb995c532f7f385d59bd25e31afb78,2803.75
56eb995c532f7f385d59bd25e31afb78,2803.75
56eb995c532f7f385d59bd25e31afb78,2803.75
f626325dad614d90188402803120b6bd,2803.75
f626325dad614d90188402803120b6bd,2803.75
f626325dad614d90188402803120b6bd,2803.75
f626325dad614d90188402803120b6bd,2803.75
f5fa0628089ec4960ce1e56ebbdd468f,1690.422
f5fa0628089ec4960ce1e56ebbdd468f,1690.422
f5fa0628089ec4960ce1e56ebbdd468f,1690.422
f5fa0628089ec4960ce1e56ebbdd468f,1690.422
a0169c4d0a3cbc0ed59850ec4204db7f,1690.422
a0169c4d0a3cbc0ed59850ec4204db7f,1690.422
a0169c4d0a3cbc0ed59850ec4204db7f,1690.422
a0169c4d0a3cbc0ed59850ec4204db7f,1690.422
3c3248102bd0ac004e02279ba3b1ad72,1690.422
3c3248102bd0ac004e02279ba3b1ad72,1690.422
3c3248102bd0ac004e02279ba3b1ad72,1690.422
3c3248102bd0ac004e02279ba3b1ad72,1690.422
162b3af124753a1d89309f5c07dd4cfb,1690.422
162b3af124753a1d89309f5c07dd4cfb,1690.422
162b3af124753a1d89309f5c07dd4cfb,1690.422
162b3af124753a1d89309f5c07dd4cfb,1690.422
c681a44d3569580c45c62b329226c33f,1690.422
c681a44d3569580c45c62b329226c33f,1690.422
c681a44d3569580c45c62b329226c33f,1690.422
c681a44d3569580c45c62b329226c33f,1690.422
0c14747f562535d7656ebebe884d9fc2,1690.422
0c14747f562535d7656ebebe884d9fc2,1690.422
0c14747f562535d7656ebebe884d9fc2,1690.422
0c14747f562535d7656ebebe884d9fc2,1690.422
b9e2cdd5e6b13e44710d26eb631418ad,5804.715
92dba905ac8425ccb2bf785a6d153fae,5804.715
df36332adcef41390bbdb18e6acd3592,1220.0
665cd4e5c23adb0a2f4719d6a2b3b82e,1220.0
376bd16ea5005810292862e63b572711,1220.0
c0f1bbb8dbfe7f86ff50a47c0f368002,24450.872
807b4ad88f0159382a7628a7d4cf84b2,24450.872
3474df4969e12db0abe5f15731a05392,2515.457
84fdc5daabad52d1cca89d9f1166fb2a,2515.457
fde42bf976ee8041d4113d9f54450f1f,2515.457
66035a65def126ba2810cb2e0ac00b33,1598.532
d7a6cb6bac4696fea11113cf0181c0d1,1598.532
1bce437219e5f60f9786dc1d6bda7173,1598.532
3f6c9d56532857fd4ae782edf4401623,1543.686
3f6c9d56532857fd4ae782edf4401623,1543.686
3f6c9d56532857fd4ae782edf4401623,1543.686
3f6c9d56532857fd4ae782edf4401623,1543.686
9963fe3fb4ca1d83334a43316df5a191,1543.686
9963fe3fb4ca1d83334a43316df5a191,1543.686
9963fe3fb4ca1d83334a43316df5a191,1543.686
9963fe3fb4ca1d83334a43316df5a191,1543.686
32105399666d925cabebb85c077b924e,1543.686
32105399666d925cabebb85c077b924e,1543.686
32105399666d925cabebb85c077b924e,1543.686
32105399666d925cabebb85c077b924e,1543.686
7c47fddd8e86675a1447fa73e8e422af,1543.686
7c47fddd8e86675a1447fa73e8e422af,1543.686
7c47fddd8e86675a1447fa73e8e422af,1543.686
7c47fddd8e86675a1447fa73e8e422af,1543.686
3375b9a9f09af66e05a8b7ee48d1dcce,1543.686
3375b9a9f09af66e05a8b7ee48d1dcce,1543.686
3375b9a9f09af66e05a8b7ee48d1dcce,1543.686
3375b9a9f09af66e05a8b7ee48d1dcce,1543.686
92b7be771be32ce7f85dd364bc37d1f6,1543.686
92b7be771be32ce7f85dd364bc37d1f6,1543.686
92b7be771be32ce7f85dd364bc37d1f6,1543.686
92b7be771be32ce7f85dd364bc37d1f6,1543.686
22102d9633331544b719c065d6d06e06,2338.453
22102d9633331544b719c065d6d06e06,2338.453
22102d9633331544b719c065d6d06e06,2338.453
22102d9633331544b719c065d6d06e06,2338.453
5702eb20a7d72f80298338cd95caaecd,2338.453
5702eb20a7d72f80298338cd95caaecd,2338.453
5702eb20a7d72f80298338cd95caaecd,2338.453
5702eb20a7d72f80298338cd95caaecd,2338.453
092e085fa738c77fe7b72bebc7337c54,2338.453
092e085fa738c77fe7b72bebc7337c54,2338.453
092e085fa738c77fe7b72bebc7337c54,2338.453
092e085fa738c77fe7b72bebc7337c54,2338.453
be7e8bf53b7d38c7d0709a5f9f4c6a9b,2338.453
be7e8bf53b7d38c7d0709a5f9f4c6a9b,2338.453
be7e8bf53b7d38c7d0709a5f9f4c6a9b,2338.453
be7e8bf53b7d38c7d0709a5f9f4c6a9b,2338.453
63ebb3dc1d812d5435d8d1261186f5c9,2338.453
63ebb3dc1d812d5435d8d1261186f5c9,2338.453
63ebb3dc1d812d5435d8d1261186f5c9,2338.453
63ebb3dc1d812d5435d8d1261186f5c9,2338.453
6c8af13d8a56d65b9e013265cc20cd48,2338.453
6c8af13d8a56d65b9e013265cc20cd48,2338.453
6c8af13d8a56d65b9e013265cc20cd48,2338.453
6c8af13d8a56d65b9e013265cc20cd48,2338.453
cf62171dda452221a4559d6229cc039e,1458.19
5540a35569e3523ad077a2e9c83281f6,1458.19
b9031a58937d2135c9f2bce16b27340f,1458.19
f6845e068d34d747228a043def3d9ba0,2592.117
c05a21670fac9d4a9e998a098d3062cc,2592.117
ebd32a610aed3216c850a4f270ced062,1935.515
2ff907c2131230e644f863ac8017830c,1935.515
0e8efba840ab5e5cfbdd6dd87e70b93c,2691.232
07e7a78e31351f1fe42c1a1de53be3e8,2691.232
166af22bee8fb2b4fd32a292562486c3,2691.232
e6b1da56eedfef52a8d08eda5c642c04,1605.0
5ff8e253dc12c5274c18905d4848e95b,1605.0
8005daf45411d700a3441bfe850efc7a,1605.0
0fe345d55607bdc0c72fcb8dfdcfcc92,1893.064
0fe345d55607bdc0c72fcb8dfdcfcc92,1893.064
0fe345d55607bdc0c72fcb8dfdcfcc92,1893.064
0fe345d55607bdc0c72fcb8dfdcfcc92,1893.064
d0f58ead8e98d599de10cf24fe28b499,1893.064
d0f58ead8e98d599de10cf24fe28b499,1893.064
d0f58ead8e98d599de10cf24fe28b499,1893.064
d0f58ead8e98d599de10cf24fe28b499,1893.064
09ebeba4fb2a4aea34f9d275938d3993,347.0
4d7a9d504024c1047193ca90026af6a8,347.0
8b96273daad533b05a85f0f2e2df6f67,347.0
f2b7412f8947dbd59fb6fdededc2e2ea,926.65
f2b7412f8947dbd59fb6fdededc2e2ea,926.65
f2b7412f8947dbd59fb6fdededc2e2ea,926.65
f2b7412f8947dbd59fb6fdededc2e2ea,926.65
3b86194f156c859a062134794e6e7aec,926.65
3b86194f156c859a062134794e6e7aec,926.65
3b86194f156c859a062134794e6e7aec,926.65
3b86194f156c859a062134794e6e7aec,926.65
8f45b136e73a2cf61755daac80ef3ad1,926.65
8f45b136e73a2cf61755daac80ef3ad1,926.65
8f45b136e73a2cf61755daac80ef3ad1,926.65
8f45b136e73a2cf61755daac80ef3ad1,926.65
fd13be77670f7c7bb4e056b0d3e201cc,926.65
fd13be77670f7c7bb4e056b0d3e201cc,926.65
fd13be77670f7c7bb4e056b0d3e201cc,926.65
fd13be77670f7c7bb4e056b0d3e201cc,926.65
08869cb14c0a8b27afcd52e013034d10,926.65
08869cb14c0a8b27afcd52e013034d10,926.65
08869cb14c0a8b27afcd52e013034d10,926.65
08869cb14c0a8b27afcd52e013034d10,926.65
f85e6792c9dbee15860ec9ab3e188dcd,926.65
f85e6792c9dbee15860ec9ab3e188dcd,926.65
f85e6792c9dbee15860ec9ab3e188dcd,926.65
f85e6792c9dbee15860ec9ab3e188dcd,926.65
5ff3dd6531161fb47b36e5d76361b6dc,1275.4
3e8030473f8670b5e9755191989deb8e,1275.4
b4aa8c0eaf5c5c94791e4e99f0e009d4,1275.4
22d12d645c91d25475aaa7524d755142,2457.036
2a7997c2af19d28a7b424a0b972bb4d4,2457.036
585e38102b649e3f30b1397c7ec17e77,2457.036
ac76aaf86668c33a70a4363084e65d6f,2344.188
dad90fdf8c5a0a463222c499e8321172,2344.188
c62484dea566bcd3f12a82e376e26a4c,2344.188
fb4ad80bb4a2f44862fa4ab016d8230e,1803.0
7d164a937b283db96254136224bc5ed3,1803.0
0ca21f2819f65249ea86348c09c206ce,1803.0
58a730e69ddd809e4a5bcec09e7b50bb,9655.545
7c7ff7c514e9560e9f60dacf580af11a,9655.545
75a7c52084d372379be96724e0fc5855,9655.545
5c808fa65b5ecdfa11c6e368a41824b8,2609.689
5c808fa65b5ecdfa11c6e368a41824b8,2609.689
5c808fa65b5ecdfa11c6e368a41824b8,2609.689
5c808fa65b5ecdfa11c6e368a41824b8,2609.689
052e26e84924c356f9b1b3127d0e6eb6,2609.689
052e26e84924c356f9b1b3127d0e6eb6,2609.689
052e26e84924c356f9b1b3127d0e6eb6,2609.689
052e26e84924c356f9b1b3127d0e6eb6,2609.689
ea144e833efa3874649ed934ee273c05,2010.229
b07246068f774d645af0af34e485a3cd,2010.229
a2b1e2047cd309d0b90948aafae06e41,1921.388
f5d540399faf9b22a6e5c0633e2fbd40,1921.388
d28453a0815a237cd76714b59afb7e9a,1921.388
a9135628a41b4b7bfaf3be5e38537b81,2527.054
be1ba89b790c4efae8cbef9959e916d1,2527.054
c967eba575a9d2bbc15d608c727c2a8f,2527.054
7bfb0d13e9aaac9046bf054e6f7f391e,1075.773
0fa964593950bf4923722e935ab8a842,979.106
0b62a6a901b2295749a6ad721dc7818b,3085.0
3678d65b44cac21d66dff1128474fa0e,3085.0
f1321d1b26de68210b2203970d4c1985,385.0
98c10839b080c882316e0d629b94bca8,385.0
fa6d6a580adb731f300999c53be3e488,385.0
230aa547b8855fa12fc107257d3e9472,2375.125
ca86266b76f2ba0b6326c478f2c566d4,2375.125
657400fa79e2962179dbfdd89935f03e,2375.125
2248ae58e5add7c3093eeba55126063a,2322.207
8f8164366a823deef4a3de6e04b88f99,2322.207
0e0ad4eaf8453e05e21584c937ccc1f5,2176.128
315071f07321de7d0f301661eed7c523,2176.128
f2c5aeb029f953f57480583d29f46119,2176.128
0ea7fd9cabaf8fc7e68c16912cf8daaa,1267.3919999999998
6ffca3f27bf1e12e0062bd0d3bd86423,1267.3919999999998
c7056d2a9f8aaad1dca390ba76bc6a2d,1267.3919999999998
a0f1807346affb56cbc941dc8b8cf0b9,1911.974
6073c59be507443bbca56179f26bfa4d,0.0
1d0bbeca9a1fb193697c376af53b8dcd,2877.785
fac063ed461b8c12c381f0ec0d8805b8,2877.785
e4ee8be921d6e30c36af0742aaab616d,1518.223
74d3a673078ad1af0af1c8c70ea26f74,428.0
74d3a673078ad1af0af1c8c70ea26f74,428.0
74d3a673078ad1af0af1c8c70ea26f74,428.0
74d3a673078ad1af0af1c8c70ea26f74,428.0
0993195c019a7906f7c917bc53d98821,428.0
0993195c019a7906f7c917bc53d98821,428.0
0993195c019a7906f7c917bc53d98821,428.0
0993195c019a7906f7c917bc53d98821,428.0
5ae54e1ea1fcfbfb0b7d37e052ce652a,428.0
5ae54e1ea1fcfbfb0b7d37e052ce652a,428.0
5ae54e1ea1fcfbfb0b7d37e052ce652a,428.0
5ae54e1ea1fcfbfb0b7d37e052ce652a,428.0
c9335eee294e74d42fd55026715921c9,428.0
c9335eee294e74d42fd55026715921c9,428.0
c9335eee294e74d42fd55026715921c9,428.0
c9335eee294e74d42fd55026715921c9,428.0
3d8e279ac0623ecebb205f3b12853c46,428.0
3d8e279ac0623ecebb205f3b12853c46,428.0
3d8e279ac0623ecebb205f3b12853c46,428.0
3d8e279ac0623ecebb205f3b12853c46,428.0
95f48a7f410a19812c3494434778a23c,428.0
95f48a7f410a19812c3494434778a23c,428.0
95f48a7f410a19812c3494434778a23c,428.0
95f48a7f410a19812c3494434778a23c,428.0
98b9540c91afc890ce4fdc72eef95777,811.143
0fbb9d3c0c2e1b509148a97ba50fd418,811.143
bf5346b2a50a735c85c12cda4c90ab9a,811.143
94470af3351c0b10ba5f62b13731d300,5365.395
380657805c9571eb4884209596670796,5365.395
6496cb0f77db8b73c35babd2704bf020,1761.914
6d975847e7eaa67a04304e95463714e7,1761.914
c7955c5916c3a932f18229be10812488,1761.914
e704834179d80604e82ebf70da8bdb5b,1012.899
e704834179d80604e82ebf70da8bdb5b,1012.899
e704834179d80604e82ebf70da8bdb5b,1012.899
e704834179d80604e82ebf70da8bdb5b,1012.899
0a490bc441873e0a464fba47d499ce0d,1012.899
0a490bc441873e0a464fba47d499ce0d,1012.899
0a490bc441873e0a464fba47d499ce0d,1012.899
0a490bc441873e0a464fba47d499ce0d,1012.899
2a094aa50dd6af62114ea45e957ae8a8,1012.899
2a094aa50dd6af62114ea45e957ae8a8,1012.899
2a094aa50dd6af62114ea45e957ae8a8,1012.899
2a094aa50dd6af62114ea45e957ae8a8,1012.899
8e9edeaeab7c26aa16c798627adf1d12,1012.899
8e9edeaeab7c26aa16c798627adf1d12,1012.899
8e9edeaeab7c26aa16c798627adf1d12,1012.899
8e9edeaeab7c26aa16c798627adf1d12,1012.899
8e3f7b19dfeac9c6623d3884360c6e80,1012.899
8e3f7b19dfeac9c6623d3884360c6e80,1012.899
8e3f7b19dfeac9c6623d3884360c6e80,1012.899
8e3f7b19dfeac9c6623d3884360c6e80,1012.899
ca50e92037ff219fa35244116dab6886,1012.899
ca50e92037ff219fa35244116dab6886,1012.899
ca50e92037ff219fa35244116dab6886,1012.899
ca50e92037ff219fa35244116dab6886,1012.899
71ea91e58defc0ef6a0550071481a7c3,757.5419999999999
c178cd139b0552f874f14019b0b1a4c0,757.5419999999999
0d5c7857eda271b22324fb9a858f3c3c,757.5419999999999
555327aa292b985e9b65963c1200c2b9,1509.85
447e4d14e291dc22a48f923f98c80145,1509.85
88f9a51df9f1ed62c13c9b13b386bdaa,1702.996
c0d2517d5bead566e95653b63071114f,1702.996
71fd2a56dcfce54b04ef11b67cca6a8d,1702.996
5dc209ef26899800b759b29d6a8c2a52,7452.521
2d2effe51d7db3f6017b244d973b9dde,7452.521
941814eaac5aaa8de1f009a87b024f53,7452.521
26aaba8fc39dd5ec0a1bfb01511a717c,1176.471
a6555f358f36899e226680f380fd5d48,1176.471
bd74bbf75981adaa708bcbf47c5d6a8b,1176.471
d14b7bcb96c054f98bc21e2a20e03a1c,2444.941
3718badeae40b3a13a5fa459cf2cacb7,731.3249999999999
f65b47225787e4389680c6dab2f10c7a,731.3249999999999
7a56c32aabe15ddb4c37f2b48243a300,731.3249999999999
bf6e6b5b2bae444f642fcd03f2bdd781,4115.594
281495afde7f013a86c14989a215d12c,4115.594
f42529cb1921d8db08901c494ebea9ed,4115.594
79247116ec431e64f2955f73f8ee64c8,524.5
861c5592bd4644122f01c40dfe60f69b,6451.857
d62fd3d43c675eadec84f4be414e3eff,6451.857
c52d88501d83a8c610e5340b1ff12f85,6451.857
6e8c95815a8c57db3b1529299b794bf8,362.5
608efc507bf119eb313618aeaed7881e,362.5
0342e04e9446e6f2bd76b5f69d7cf55b,362.5
0f4ddff6d797905fdf1127ff60c5be3b,547.621
fe9ea4b794c0e34a4d8cf30b488fdc6a,547.621
bfd799121d60c11031f5ca9cd80971ee,547.621
3694f90b8d4f1c6517de59b3a53d8b9f,4435.454
cc4ab0a0874fa35b0953648318a1bafe,4435.454
ecf3699240d4cce224ffc25880cac196,4435.454
717dcf8f0129e499bf2926ed62bd78a6,5041.102
76dd022dbe1a2ac52bfe1c7c6f65d7a0,5041.102
151441fc0824e0a92c80d87429074e85,5041.102
a007c0ce3d2d5266e11e3477c513b75f,2047.27
4375f8a777afb2c757b4409b48de34eb,2047.27
8234029e0b92d21ebcd3a1bf170a5403,2047.27
8d8bfb8daf4b00c8aa1bf8464b700a35,1531.97
99dd99577b825460ab81d16411791bcc,1531.97
955fdd913f0977534f5af1c2f6d260c5,1531.97
86df1a454f7904cc6eecb0c35e965f91,1469.915
72d5b167b0843391536c10324800cd0f,2056.094
9f224048f67a9f59058f55faa75601d1,2056.094
17039269cb7d05b4ea99d6a1f4e8827c,2056.094
8ce5a37f2fb84b7dabe9e225d8eb702e,2985.182
556f30e18a623acdf8d0da2599ef7d08,2985.182
2b6865aaae8d8d1c38a866ac49fdaafb,2985.182
3760f1994383de9c509cabcc8912cba3,1368.08
c6342e39b8d28cc709052e01193a8f01,288.4
9b632a990cef078b85d24e5453483d54,288.4
fb933d1717bdd0cfcc93ad1b7a7ab6ff,288.4
b9123e8b4900a4e0386d4ae9226f0f46,2971.831
3fc31c6fa926aab5886cddef7d28f086,2971.831
b7c9059a8b220fc261fe105536e68297,2971.831
5af973f573db776ffa8dc9a2ef28c9fe,2482.348
439dd7d9168e8bdae79a519d9c1d7c47,2482.348
392e5325b1ed3c4c43ede63499d5730c,2482.348
deccf51a32a60d324cc6711575ef85eb,0.0
be660a971baef717782e9f96b94ce7ec,0.0
17415a0036a3d9a7731a50af81a83ca5,0.0
7434e75190ac66c74c36d525c4cc47a9,1262.573
c557e255d4bcc261a8819dd6be68865d,1262.573
265b6f61c248ffaee2496a2020218132,1262.573
46a37fedaf14bfddb1faef611c5b1a90,2793.982
46a37fedaf14bfddb1faef611c5b1a90,2793.982
46a37fedaf14bfddb1faef611c5b1a90,2793.982
46a37fedaf14bfddb1faef611c5b1a90,2793.982
1b64cdaed8b04c15f71eba44c29eee44,2793.982
1b64cdaed8b04c15f71eba44c29eee44,2793.982
1b64cdaed8b04c15f71eba44c29eee44,2793.982
1b64cdaed8b04c15f71eba44c29eee44,2793.982
186a0444d31cd36c00f2b17ed55fcf22,2793.982
186a0444d31cd36c00f2b17ed55fcf22,2793.982
186a0444d31cd36c00f2b17ed55fcf22,2793.982
186a0444d31cd36c00f2b17ed55fcf22,2793.982
896d839660c4ce3090bf152a2ee5652e,2793.982
896d839660c4ce3090bf152a2ee5652e,2793.982
896d839660c4ce3090bf152a2ee5652e,2793.982
896d839660c4ce3090bf152a2ee5652e,2793.982
ee668f028a6c6ed22e7de5bf732a3a9a,2793.982
ee668f028a6c6ed22e7de5bf732a3a9a,2793.982
ee668f028a6c6ed22e7de5bf732a3a9a,2793.982
ee668f028a6c6ed22e7de5bf732a3a9a,2793.982
020dc623c8b03a9f9d295f9c4aa4f8bb,2793.982
020dc623c8b03a9f9d295f9c4aa4f8bb,2793.982
020dc623c8b03a9f9d295f9c4aa4f8bb,2793.982
020dc623c8b03a9f9d295f9c4aa4f8bb,2793.982
cb5bd053e8d01f08cc69a3972c3fdb76,5017.884
b73e954980f7e3578e64a58ef5305258,5017.884
b73f86a8aabe6761ccfd25f1f6a56b3b,5017.884
116153cccab905a9efe2e33b98017b07,567.352
6462c8477c176d1d7321bff528a42442,567.352
72fd6ea80bfd4c7b2094e820e6503ffe,1172.051
c3332c91d63ed13a56d570efa80824e3,1172.051
baf53e6fa37d118e742ebc9c27e0d761,1172.051
4b87bab8226cdaee2897195fa1653c61,2014.38
b6eaf7c60928bc75d2f1aa3aa38c81b4,2014.38
5100f7714d439a2f8d55350635e7eb01,2014.38
f921bc8ce339e0ab95bcd5aa71981c60,2838.252
36d259b47848dadbe1f1df02d8e70eb2,2838.252
f20501a9f58818643ca9c40e8885e2f6,0.0
63621a8ce4f52fe43b7802f23a26e5c1,0.0
fba1a8a6a868fd834870421fdc894295,0.0
0f0755bf67678288d50d779125aa9a70,1281.529
0f0755bf67678288d50d779125aa9a70,1281.529
0f0755bf67678288d50d779125aa9a70,1281.529
0f0755bf67678288d50d779125aa9a70,1281.529
c2d5b03dd3dcad04b807f207c2f8be46,1281.529
c2d5b03dd3dcad04b807f207c2f8be46,1281.529
c2d5b03dd3dcad04b807f207c2f8be46,1281.529
c2d5b03dd3dcad04b807f207c2f8be46,1281.529
f8664c2fe7b6cd63dd6e470a2fbcdb9a,4064.612
f8664c2fe7b6cd63dd6e470a2fbcdb9a,4064.612
f8664c2fe7b6cd63dd6e470a2fbcdb9a,4064.612
f8664c2fe7b6cd63dd6e470a2fbcdb9a,4064.612
4db6bfd14dbfff491eaa8b86efcc9846,4064.612
4db6bfd14dbfff491eaa8b86efcc9846,4064.612
4db6bfd14dbfff491eaa8b86efcc9846,4064.612
4db6bfd14dbfff491eaa8b86efcc9846,4064.612
930a08d3251c47cdb4a3f9a1cde5fb21,4064.612
930a08d3251c47cdb4a3f9a1cde5fb21,4064.612
930a08d3251c47cdb4a3f9a1cde5fb21,4064.612
930a08d3251c47cdb4a3f9a1cde5fb21,4064.612
21988ea4e646716f2a35bb248a57056b,4064.612
21988ea4e646716f2a35bb248a57056b,4064.612
21988ea4e646716f2a35bb248a57056b,4064.612
21988ea4e646716f2a35bb248a57056b,4064.612
e60cf95cf45173a440a2bbae8bacbe4a,4064.612
e60cf95cf45173a440a2bbae8bacbe4a,4064.612
e60cf95cf45173a440a2bbae8bacbe4a,4064.612
e60cf95cf45173a440a2bbae8bacbe4a,4064.612
0a5852c7e73d7d23781fb0ba4fae36f4,4064.612
0a5852c7e73d7d23781fb0ba4fae36f4,4064.612
0a5852c7e73d7d23781fb0ba4fae36f4,4064.612
0a5852c7e73d7d23781fb0ba4fae36f4,4064.612
6ac4d35f13c780b0373e52aecd415ec1,1494.417
1d9cdd6cc328d6023b50bd7960dda5a3,1151.159
a282d5107d968ae98f939e9a42196988,1151.159
a9c15a5f71189d146540a1738b7764a0,1833.667
9e5df4ebae2de12050212cdf7e976355,1833.667
38289826bd93923933b1ce3994d21b8b,1833.667
ab04debde2a648ce6dc5b89a1388df79,2397.572
f1bba08d51fbaf21db716d4216c01cab,2397.572
e4016fb4bd15ba56d75f8fbd910c7be4,2397.572
95546f0f7fddf76d64746935c701dbff,1205.585
95546f0f7fddf76d64746935c701dbff,1205.585
95546f0f7fddf76d64746935c701dbff,1205.585
95546f0f7fddf76d64746935c701dbff,1205.585
8e012c7f5201f3fd4051f770cb8f6b7f,1205.585
8e012c7f5201f3fd4051f770cb8f6b7f,1205.585
8e012c7f5201f3fd4051f770cb8f6b7f,1205.585
8e012c7f5201f3fd4051f770cb8f6b7f,1205.585
7f8e4ad05fce2a4cc9c0dc04584c1505,1205.585
7f8e4ad05fce2a4cc9c0dc04584c1505,1205.585
7f8e4ad05fce2a4cc9c0dc04584c1505,1205.585
7f8e4ad05fce2a4cc9c0dc04584c1505,1205.585
a21ef05f01a5b83556393fb948935921,1205.585
a21ef05f01a5b83556393fb948935921,1205.585
a21ef05f01a5b83556393fb948935921,1205.585
a21ef05f01a5b83556393fb948935921,1205.585
ffcbd6adbd736f7f3846434608d49e2a,1158.809
975e01943f400bdceed9036ceb429d88,1158.809
e1687bd4c7b1173d613423b4dadc7105,1158.809
44bda4610be731491b692685c57ec92c,1654.528
44bda4610be731491b692685c57ec92c,1654.528
44bda4610be731491b692685c57ec92c,1654.528
44bda4610be731491b692685c57ec92c,1654.528
461fdc3853fa487e88ca67b9e0eef2fb,1654.528
461fdc3853fa487e88ca67b9e0eef2fb,1654.528
461fdc3853fa487e88ca67b9e0eef2fb,1654.528
461fdc3853fa487e88ca67b9e0eef2fb,1654.528
50672020ca30f27bb1884a4552112fc7,1894.108
9c7919c6d9755757c5725c885e2d4c59,1894.108
0c1042aee9d9db95d60259017be433f5,1894.108
758105e645be1ed6eb6a4e7aa0851ae7,689.563
758105e645be1ed6eb6a4e7aa0851ae7,689.563
758105e645be1ed6eb6a4e7aa0851ae7,689.563
758105e645be1ed6eb6a4e7aa0851ae7,689.563
de80ad2d2669a21adf85d67b6722e724,689.563
de80ad2d2669a21adf85d67b6722e724,689.563
de80ad2d2669a21adf85d67b6722e724,689.563
de80ad2d2669a21adf85d67b6722e724,689.563
5e3697c8ee8dab8f3317dd232b18922c,689.563
5e3697c8ee8dab8f3317dd232b18922c,689.563
5e3697c8ee8dab8f3317dd232b18922c,689.563
5e3697c8ee8dab8f3317dd232b18922c,689.563
e26ce9ce79f43ee30f156cd33e770d48,689.563
e26ce9ce79f43ee30f156cd33e770d48,689.563
e26ce9ce79f43ee30f156cd33e770d48,689.563
e26ce9ce79f43ee30f156cd33e770d48,689.563
4bd7f66095baf0f254c7bbdbfdf9366e,1964.5
45beeb50517f69bea9664d18c103557f,1964.5
2d135b44762a28d1bea494edbd9dc501,1964.5
1dc646d5bd8305b38f2f874ab2799355,1018.809
131bd09de1abdb241e5a99cd45840f95,1018.809
2a48e53f4914d47d8870dad8e5d8506f,1447.59
6ec6a144514586e00894b25f8128b482,1975.968
6ec6a144514586e00894b25f8128b482,1975.968
6ec6a144514586e00894b25f8128b482,1975.968
6ec6a144514586e00894b25f8128b482,1975.968
beedfd99e31ba7fab6551014d47b8b67,1975.968
beedfd99e31ba7fab6551014d47b8b67,1975.968
beedfd99e31ba7fab6551014d47b8b67,1975.968
beedfd99e31ba7fab6551014d47b8b67,1975.968
f400ea461ae86f06c16006896fdc1df0,1625.8339999999998
b48aa6e1b995481dc6aa38634f2444f9,1625.8339999999998
39057e1fb2ffd713f9edeb5eb22eb841,1405.832
39057e1fb2ffd713f9edeb5eb22eb841,1405.832
39057e1fb2ffd713f9edeb5eb22eb841,1405.832
39057e1fb2ffd713f9edeb5eb22eb841,1405.832
478433cad4f533756e362b76b7c88479,1405.832
478433cad4f533756e362b76b7c88479,1405.832
478433cad4f533756e362b76b7c88479,1405.832
478433cad4f533756e362b76b7c88479,1405.832
f950d458d4436560f5a2982b381fee50,1405.832
f950d458d4436560f5a2982b381fee50,1405.832
f950d458d4436560f5a2982b381fee50,1405.832
f950d458d4436560f5a2982b381fee50,1405.832
4454b0123330fc21e34203c3790d76f8,1405.832
4454b0123330fc21e34203c3790d76f8,1405.832
4454b0123330fc21e34203c3790d76f8,1405.832
4454b0123330fc21e34203c3790d76f8,1405.832
56b19e683519f5a39fa50b6cd2a9573a,1405.832
56b19e683519f5a39fa50b6cd2a9573a,1405.832
56b19e683519f5a39fa50b6cd2a9573a,1405.832
56b19e683519f5a39fa50b6cd2a9573a,1405.832
cf71ddf66822700f284d2dc6e76bfc9e,1405.832
cf71ddf66822700f284d2dc6e76bfc9e,1405.832
cf71ddf66822700f284d2dc6e76bfc9e,1405.832
cf71ddf66822700f284d2dc6e76bfc9e,1405.832
b7e9477864b1b66582a2a181c642d44b,1428.87
df601f2e08ca825210de4b66a00ee8df,1428.87
1353d5415192d7bf06432d89dbbc2371,1837.217
1353d5415192d7bf06432d89dbbc2371,1837.217
1353d5415192d7bf06432d89dbbc2371,1837.217
1353d5415192d7bf06432d89dbbc2371,1837.217
8fd9a4b49506d2ea4e55b72d12d89783,1837.217
8fd9a4b49506d2ea4e55b72d12d89783,1837.217
8fd9a4b49506d2ea4e55b72d12d89783,1837.217
8fd9a4b49506d2ea4e55b72d12d89783,1837.217
9b852ac1f96b7be57dc47920ab6b5682,1837.217
9b852ac1f96b7be57dc47920ab6b5682,1837.217
9b852ac1f96b7be57dc47920ab6b5682,1837.217
9b852ac1f96b7be57dc47920ab6b5682,1837.217
505abcdc2d62b93fb063cd56ba221acb,1837.217
505abcdc2d62b93fb063cd56ba221acb,1837.217
505abcdc2d62b93fb063cd56ba221acb,1837.217
505abcdc2d62b93fb063cd56ba221acb,1837.217
69ef6ebbc24259f58f74a95483486d41,1389.763
e6c7637abf2922157b22fe8fab747e47,1389.763
c99fd4cbe31792a47f54862706b6be2c,1389.763
1fc7983c0557c6b589ffa4192ba53402,455.826
1fc7983c0557c6b589ffa4192ba53402,455.826
1fc7983c0557c6b589ffa4192ba53402,455.826
1fc7983c0557c6b589ffa4192ba53402,455.826
756a6f0eeaa6226c04d8fa3b7a72e610,455.826
756a6f0eeaa6226c04d8fa3b7a72e610,455.826
756a6f0eeaa6226c04d8fa3b7a72e610,455.826
756a6f0eeaa6226c04d8fa3b7a72e610,455.826
e804f74ec276b4f461f0dbb888bc0e45,455.826
e804f74ec276b4f461f0dbb888bc0e45,455.826
e804f74ec276b4f461f0dbb888bc0e45,455.826
e804f74ec276b4f461f0dbb888bc0e45,455.826
43ab0654adf3bb3454be34068ced3900,455.826
43ab0654adf3bb3454be34068ced3900,455.826
43ab0654adf3bb3454be34068ced3900,455.826
43ab0654adf3bb3454be34068ced3900,455.826
fe75e24e2803b95ac5755fd901146a88,455.826
fe75e24e2803b95ac5755fd901146a88,455.826
fe75e24e2803b95ac5755fd901146a88,455.826
fe75e24e2803b95ac5755fd901146a88,455.826
09efa15de179cb6ec8e7e6ba2468e4a0,455.826
09efa15de179cb6ec8e7e6ba2468e4a0,455.826
09efa15de179cb6ec8e7e6ba2468e4a0,455.826
09efa15de179cb6ec8e7e6ba2468e4a0,455.826
f87361deefe3c9e7ebc990a134a339c2,1065.084
f87361deefe3c9e7ebc990a134a339c2,1065.084
f87361deefe3c9e7ebc990a134a339c2,1065.084
f87361deefe3c9e7ebc990a134a339c2,1065.084
662ee6b2898dcdee4d96747431954583,1065.084
662ee6b2898dcdee4d96747431954583,1065.084
662ee6b2898dcdee4d96747431954583,1065.084
662ee6b2898dcdee4d96747431954583,1065.084
41d9554d5c862db46583bb45b355f57b,2081.6040000000003
9eabf7885491f17bdc7244f04b1b0132,2081.6040000000003
e0a3a96550caf2dd014b1158a4e87042,2081.6040000000003
52d4e7fbe9e009598fafc35927ee1179,1698.233
625a3cd1c6daa0c56cdf0641099d40e5,1698.233
2d33433c22a04e91bee128aa6a57b7f0,1698.233
3b2a29c87a1a75361918208195fa4b2a,2276.703
a3a0faef5e01a463e14cee64cc1bb3cb,2276.703
14a21a8df062cb1dc370572665a39114,2053.204
0f427c828178511edbe8d8b3228cd15e,2053.204
676615d1491516aa9523b647899294a8,2053.204
07aef8a29b217a32c6713c5ecc7f400e,2427.882
798f50a62dcc6a3d34ccbd21eced51cf,2427.882
10fb0b67162c06ea4de412cfeffd258e,2427.882
d4cc6a4c8f26cf01ad82655bbf9f6633,1049.157
7aacd82243758030192e7f8121e90b9b,3317.963
cf3ba2d5481f2da5b2dbeace9756980a,927.605
14ce061fe6b71f3923938a5c11be210e,3088.8320000000003
dec54b6f0c4e0924ed258d21217bf202,249.597
f4f01f4115acbff7ec2339c05348d4b1,249.597
723be083f029b766311c462d57813fc5,249.597
c4bd7c4034fc98f12d4eea0b5f52c9c2,1450.5
dc8a234596540d73cf99b35dc5a11216,2022.915
dc8a234596540d73cf99b35dc5a11216,2022.915
dc8a234596540d73cf99b35dc5a11216,2022.915
dc8a234596540d73cf99b35dc5a11216,2022.915
88f8e737218dd8555ee468574cfaf7d1,2022.915
88f8e737218dd8555ee468574cfaf7d1,2022.915
88f8e737218dd8555ee468574cfaf7d1,2022.915
88f8e737218dd8555ee468574cfaf7d1,2022.915
232ed8c3ebeb9d8dcfccdb304acd8eb2,2022.915
232ed8c3ebeb9d8dcfccdb304acd8eb2,2022.915
232ed8c3ebeb9d8dcfccdb304acd8eb2,2022.915
232ed8c3ebeb9d8dcfccdb304acd8eb2,2022.915
14baba929351f042c5bb26588207b4d6,2022.915
14baba929351f042c5bb26588207b4d6,2022.915
14baba929351f042c5bb26588207b4d6,2022.915
14baba929351f042c5bb26588207b4d6,2022.915
6f950971126486d9dedd7db508d1bcbb,1246.286
6f950971126486d9dedd7db508d1bcbb,1246.286
6f950971126486d9dedd7db508d1bcbb,1246.286
6f950971126486d9dedd7db508d1bcbb,1246.286
0743f65ed8945d5366a34237073cfb4c,1246.286
0743f65ed8945d5366a34237073cfb4c,1246.286
0743f65ed8945d5366a34237073cfb4c,1246.286
0743f65ed8945d5366a34237073cfb4c,1246.286
a29e98a8deba1fe77e84287153dbb2d3,3179.2
6bc207cd399fde86bf4c5fcf4f6dd593,2138.7
b45d945729427bf7c0ac5d658d0aaaa5,2138.7
4bada1353ae7daa20df29e94299e6130,1556.706
3dea3bc4bc94e4451e84ef3ae4a30dca,1556.706
f6bcf66a8d2dc4a56d1ef7bff7cdf11d,1556.706
bc9ea7948d57d78bee6db3c15fb709f5,1995.36
4d8111795a764645f91b9da07cf837fa,1995.36
07d997d8c9beef97e61360544e93ff49,1995.36
07cc11e30f77a923e9d30b173df44ba8,4043.338
6cb0f3e7ec9fc130b823fe4f595f0426,4043.338
0ce6c3cf98898c10930ffa8e77a0bdd4,1653.569
fbfbd374ea8c49a15290625262d8f332,2879.436
fbfbd374ea8c49a15290625262d8f332,2879.436
fbfbd374ea8c49a15290625262d8f332,2879.436
fbfbd374ea8c49a15290625262d8f332,2879.436
8efa7165866fb027c37a97c3fa202a91,2879.436
8efa7165866fb027c37a97c3fa202a91,2879.436
8efa7165866fb027c37a97c3fa202a91,2879.436
8efa7165866fb027c37a97c3fa202a91,2879.436
b72b6880d6bee38b8a10f1e3605b0e68,1983.516
7b64eb7202d914c6f3b7c4e3a7e0b532,1983.516
61d08828a80c536450ddbe8d889ba067,1983.516
659d1908afb55ab87dac19ecc3ea25e4,555.0
8f5f64d6dd02edbb5b65d14dc482cb19,1311.08
8e46072e635d82959d582b012236fc44,2306.934
f7a00ed5f0342bb408bf2e7a55d85d31,2306.934
10372016b393762fadcd91d6c0a3198c,2306.934
5548252b2d63deb10cba41483ea70ca5,1684.385
1e205a63b8ff5f28f1fb6fc0e244423e,1684.385
88aaef214c4fdb120cb49d4b9421528f,1819.541
0437dcd60452f94811cf3fb764e6a3cd,1819.541
0d8db2440edec89b8e4d0cfb8840410b,1820.185
0d8db2440edec89b8e4d0cfb8840410b,1820.185
0d8db2440edec89b8e4d0cfb8840410b,1820.185
0d8db2440edec89b8e4d0cfb8840410b,1820.185
24b5cf3587690b81bbf329b1a15673a1,1820.185
24b5cf3587690b81bbf329b1a15673a1,1820.185
24b5cf3587690b81bbf329b1a15673a1,1820.185
24b5cf3587690b81bbf329b1a15673a1,1820.185
6308430efd85b19060ec7d7a677c68d8,1820.185
6308430efd85b19060ec7d7a677c68d8,1820.185
6308430efd85b19060ec7d7a677c68d8,1820.185
6308430efd85b19060ec7d7a677c68d8,1820.185
9c378307e8c723fc9c5344374930ee3e,1820.185
9c378307e8c723fc9c5344374930ee3e,1820.185
9c378307e8c723fc9c5344374930ee3e,1820.185
9c378307e8c723fc9c5344374930ee3e,1820.185
68b87f2c3627fd89739fe44ecd6da294,1260.134
8893ebbfecbad342b276547c472888e6,1118.682
8893ebbfecbad342b276547c472888e6,1118.682
8893ebbfecbad342b276547c472888e6,1118.682
8893ebbfecbad342b276547c472888e6,1118.682
4173a6ba6fdd68f72b37fc3f04aa5460,1118.682
4173a6ba6fdd68f72b37fc3f04aa5460,1118.682
4173a6ba6fdd68f72b37fc3f04aa5460,1118.682
4173a6ba6fdd68f72b37fc3f04aa5460,1118.682
ac9f153a9b0086c33616c09a9740aaf8,1118.682
ac9f153a9b0086c33616c09a9740aaf8,1118.682
ac9f153a9b0086c33616c09a9740aaf8,1118.682
ac9f153a9b0086c33616c09a9740aaf8,1118.682
2c0f561b83cffe4f1841dc5ee22cc2ec,1118.682
2c0f561b83cffe4f1841dc5ee22cc2ec,1118.682
2c0f561b83cffe4f1841dc5ee22cc2ec,1118.682
2c0f561b83cffe4f1841dc5ee22cc2ec,1118.682
8d335a79c903d611bc3f815e28fe146f,2198.83
5ed4a611e2f1faf1e52282eb24c8658c,2198.83
ad1217b76c3dfa5ec21016b52d34e73a,2198.83
8a4fe2ebbdea3c14636423717164467a,910.625
ca2a5e9cb6fb49de243d95facf86185d,910.625
4958c95795128f458844a125b0873f18,910.625
be172a4571eaf84f559deaa2e39a23fd,2372.81
4b8361a65a86d433d069a36183407e60,2372.81
b07a0a078bec9453b0ee4ba9c66030d2,2372.81
653dab94b2c280cb6d7e99d6fada7464,1801.05
8f81a691072af16aec5b520add5bdeaa,1801.05
c2bc3a15c4e4d7112a1b2ebd177836e7,1652.801
172dee77a3abcce0b4c3bedd6efac0fa,1652.801
e45abdf604f0428190d41bcbe8654470,1652.801
5db9d77b142de73faa51b077ae54e14e,1992.099
9d79c4def431633c7e6302f824e288c1,97.0
805034a4dfbe0d3553faf21007f3f979,97.0
046d25480987a6f01ba7c215f37b81a5,1628.87
a07421cb72b3ae1840e99bda2c51ce92,1628.87
daa6efc4aaddd2364f32e16e82619616,1628.87
a305a50a11b1dbfdfc295f931fc5b472,1463.503
a305a50a11b1dbfdfc295f931fc5b472,1463.503
a305a50a11b1dbfdfc295f931fc5b472,1463.503
a305a50a11b1dbfdfc295f931fc5b472,1463.503
8ee4197a2cf0bcd07ac0f71f54b6e5e4,1463.503
8ee4197a2cf0bcd07ac0f71f54b6e5e4,1463.503
8ee4197a2cf0bcd07ac0f71f54b6e5e4,1463.503
8ee4197a2cf0bcd07ac0f71f54b6e5e4,1463.503
e76dafc10e2817ac445ed3b33843d8af,1427.8380000000002
36bddb6faa76ee551837764de4fa9fbd,1427.8380000000002
aae5f20bb94b102e4f877e05d1659523,1427.8380000000002
05a562f2b8908d6af17c2fef26af9c19,776.136
0e383763c4be54c3443786528f22d06e,776.136
6aef537f5a122ee207230522b4447e66,776.136
b621ce852aa328c70f17ac87725e20d3,3644.6
adbfabb0814fe8fbd33187eee4754bfd,3644.6
43e9f09a433cc482be9aac428de74f56,3644.6
8c96512f296ca1c549b8dfe7527732a3,2188.406
129fcde312072bfb3a69f8fb99a02df6,2188.406
b37726bc808847eb8a5e5309dd0adb36,2188.406
191c280dd7fdec0f775c88711b6e20e8,2876.2560000000003
ae1302a182973aab720662fb78ed8183,2876.2560000000003
5cd2fa13b8716c60967719b8ef1d36ab,2876.2560000000003
d5620014b04a964336283026c6d667e4,4554.314
d5620014b04a964336283026c6d667e4,4554.314
d5620014b04a964336283026c6d667e4,4554.314
d5620014b04a964336283026c6d667e4,4554.314
9f04f070b4380ed8d3f5fdf2e55e9baa,4554.314
9f04f070b4380ed8d3f5fdf2e55e9baa,4554.314
9f04f070b4380ed8d3f5fdf2e55e9baa,4554.314
9f04f070b4380ed8d3f5fdf2e55e9baa,4554.314
1dcf7a1da8813aeced68ad5be35bac0d,4554.314
1dcf7a1da8813aeced68ad5be35bac0d,4554.314
1dcf7a1da8813aeced68ad5be35bac0d,4554.314
1dcf7a1da8813aeced68ad5be35bac0d,4554.314
8b44ee7bf08c0c41bb93b8db02bbe8d8,4554.314
8b44ee7bf08c0c41bb93b8db02bbe8d8,4554.314
8b44ee7bf08c0c41bb93b8db02bbe8d8,4554.314
8b44ee7bf08c0c41bb93b8db02bbe8d8,4554.314
33237aa0f9062bf6376010948c071766,1901.2000000000005
32156fe82add38b231e5686885d2477b,1901.2000000000005
8c39b33be4dc0e0c31993b965c874dba,1901.2000000000005
024e68a432cdc17e1bce9169532e2ca1,5336.718
5e3c92f97f35d80046b153ff0cecb84c,5336.718
a568a78af0c66c248ab8667b59f75bd7,5336.718
3681ff3744f0ccdf6cec28920baabfb4,1258.1219999999998
e8557dc63fb0a6718d2cd0dcd8c0f57b,1258.1219999999998
981e753c6b9295978d0b488df3790d37,1258.1219999999998
2581566eb9b655a5e98e6006e617b489,1354.971
af7df32246c6bef1c705d888122b2433,971.678
ac6cc8cba4817431eb436758c1f522f1,971.678
e065572047e92a9efce9e345340f4d52,971.678
4f6426126ba225a659e20479a4288a97,2694.229
98c7a9221b9a8554053d1e8662cec0c0,2079.941
98c7a9221b9a8554053d1e8662cec0c0,2079.941
98c7a9221b9a8554053d1e8662cec0c0,2079.941
98c7a9221b9a8554053d1e8662cec0c0,2079.941
3b43969c404ce4b49f4eb6e864703c3a,2079.941
3b43969c404ce4b49f4eb6e864703c3a,2079.941
3b43969c404ce4b49f4eb6e864703c3a,2079.941
3b43969c404ce4b49f4eb6e864703c3a,2079.941
169e3c1269b53f3bdc5befe7a81b7b4c,2181.704
df807ff11c67f767316a323ed45b0693,2181.704
e50d9b58d24c6827079d7ffa13487ab2,1548.867
a1e6546639391cd02a18290b02b82042,1548.867
a7fd30fee83bf221dac78e222c5c3e59,1548.867
bfa8691ab032bfb2179824137ffc1ff1,1597.57
b37488994cab1ab2866a51c7d0435b7c,1597.57
34dfae434c38c200845bb08c1ccc7972,1597.57
4bfd08aa3d6d81300782831c4efa4975,1909.387
5e36b5c42fd95b00b06844c79f1b9231,1909.387
691c29142e51f3676bb717e55297976c,1909.387
e0746c433604086c20b2882a3d94bc75,1223.366
e7cc472c04596d1dbb56314847651981,795.5
13a778025b686fb2b0185eff8863130e,795.5
e6426a0ee50b0555875424bc05bc07d6,1780.528
2595a66579f3b31c67b382b97c50aeea,1780.528
1c8807e61351a8e0aeb5e44fccf01e18,1780.528
7e73a15bdfc51866bd5c63cb39e8813a,2973.254
7e73a15bdfc51866bd5c63cb39e8813a,2973.254
7e73a15bdfc51866bd5c63cb39e8813a,2973.254
7e73a15bdfc51866bd5c63cb39e8813a,2973.254
87d5327a51a465a953a45aa61f16f8ae,2973.254
87d5327a51a465a953a45aa61f16f8ae,2973.254
87d5327a51a465a953a45aa61f16f8ae,2973.254
87d5327a51a465a953a45aa61f16f8ae,2973.254
29ce3d94d61a07ed443791f1972f7323,1317.319
558b6deb6af67475e8b814d8911ddeb5,2641.105
bcc62792f72ba03a992cfec1061912f9,3317.016
0d2f792a9c5c89ed19f68aca48fba630,3317.016
6b6d6f2944132befc232c6eb98fba5e7,3317.016
674bc4a61ce3ddf46c36e641bb80746e,3824.335
e6162b76576c7e680dfb6142f74db6d9,3824.335
c2cd7208f0daa11f00e0ec3c3fc8053a,3824.335
0fc70f669a335409dd41c299198617cf,1513.594
76e6ac0ea69a29aff0d97e2feee99644,1513.594
8c9bdbafad1d2531abed7a625a66c1e8,1513.594
93f3ff3cd86c0cca1aacc99da2daf9bb,1600.16
b828b84194676ea19b55e4bb711ea39c,1600.16
e8c25a743ee85f5c81773847c18158dc,1600.16
2b1ffe97c911ef855e1293d22642cde9,1433.953
5e612f035d138de0c92f00202a3e9227,1433.953
dd5b923ddc1356c627b1cce47fb24a7a,1611.2340000000002
095c2e4ced70b4d38cb91023eb869e09,1611.2340000000002
63ca771958157e7eb35d1eade5c3469e,1611.2340000000002
7c9031fb2e4dac002c7aca298249eda9,491.072
d9add6cd2695403dadb4231b9d924884,491.072
e0d8488acc145c500ca57bab0d858258,491.072
305f507f11e796cb594df8c0604dec7f,1709.594
46a22f839e2beff2ee91f17f6e0753c5,1709.594
427b16da250ea2f73df1379bd5028b24,1709.594
9588b0c405f2fcb9ed657594594db575,2742.455
74070da39b98d948a5e6434b5e3f244e,2742.455
a3ff8e9bbd312c3fa2471264ad1de417,2742.455
22549a7ed37cdec467385cbc549b85e7,2811.235
22549a7ed37cdec467385cbc549b85e7,2811.235
22549a7ed37cdec467385cbc549b85e7,2811.235
22549a7ed37cdec467385cbc549b85e7,2811.235
97cd7ca614b11cf74ca87997774ca167,2811.235
97cd7ca614b11cf74ca87997774ca167,2811.235
97cd7ca614b11cf74ca87997774ca167,2811.235
97cd7ca614b11cf74ca87997774ca167,2811.235
9f04d8b1d0a541e45c57fa99f5948f6b,2811.235
9f04d8b1d0a541e45c57fa99f5948f6b,2811.235
9f04d8b1d0a541e45c57fa99f5948f6b,2811.235
9f04d8b1d0a541e45c57fa99f5948f6b,2811.235
e4da9af80d507947deb55a8c42c61cdb,2811.235
e4da9af80d507947deb55a8c42c61cdb,2811.235
e4da9af80d507947deb55a8c42c61cdb,2811.235
e4da9af80d507947deb55a8c42c61cdb,2811.235
0d3a59a9daa0108b8a392e1e8a070300,2811.235
0d3a59a9daa0108b8a392e1e8a070300,2811.235
0d3a59a9daa0108b8a392e1e8a070300,2811.235
0d3a59a9daa0108b8a392e1e8a070300,2811.235
66738854c48f776f0bcb0e04f4033bda,2811.235
66738854c48f776f0bcb0e04f4033bda,2811.235
66738854c48f776f0bcb0e04f4033bda,2811.235
66738854c48f776f0bcb0e04f4033bda,2811.235
974489962edb4eaac0b59c26fc88dfab,2359.354
5f5d0feb10106ae4b2e85ba93874e707,2359.354
efcd7bb331c255bda0f0a7fa0344cf02,2359.354
5fbf1a9e5831f6ed9e43585f7d6979ac,2283.723
5fbf1a9e5831f6ed9e43585f7d6979ac,2283.723
5fbf1a9e5831f6ed9e43585f7d6979ac,2283.723
5fbf1a9e5831f6ed9e43585f7d6979ac,2283.723
b3316d0b845cb7f7befd2c6121db042d,2283.723
b3316d0b845cb7f7befd2c6121db042d,2283.723
b3316d0b845cb7f7befd2c6121db042d,2283.723
b3316d0b845cb7f7befd2c6121db042d,2283.723
6c7752257ecc9797aec828c95f9fede2,2283.723
6c7752257ecc9797aec828c95f9fede2,2283.723
6c7752257ecc9797aec828c95f9fede2,2283.723
6c7752257ecc9797aec828c95f9fede2,2283.723
882461d1e87dfe99c797468c218262f6,2283.723
882461d1e87dfe99c797468c218262f6,2283.723
882461d1e87dfe99c797468c218262f6,2283.723
882461d1e87dfe99c797468c218262f6,2283.723
e9162837f818711e2265b657b732e0a1,2283.723
e9162837f818711e2265b657b732e0a1,2283.723
e9162837f818711e2265b657b732e0a1,2283.723
e9162837f818711e2265b657b732e0a1,2283.723
3ef0cb3ca02532444f4e28a72bc27ac3,2283.723
3ef0cb3ca02532444f4e28a72bc27ac3,2283.723
3ef0cb3ca02532444f4e28a72bc27ac3,2283.723
3ef0cb3ca02532444f4e28a72bc27ac3,2283.723
ec71d8d72d611a7c8cfd59eb6d506b7f,1640.535
d49bdb3597f76576cad3fc442d6da751,1640.535
4aff51f09174274a5a30564da97dba99,1640.535
945a7b3c29b6706e8250b8c275fabc86,4360.592
945a7b3c29b6706e8250b8c275fabc86,4360.592
945a7b3c29b6706e8250b8c275fabc86,4360.592
945a7b3c29b6706e8250b8c275fabc86,4360.592
afc45680cb35ce22116bde6cecedbcd9,4360.592
afc45680cb35ce22116bde6cecedbcd9,4360.592
afc45680cb35ce22116bde6cecedbcd9,4360.592
afc45680cb35ce22116bde6cecedbcd9,4360.592
4dc9c40ce40e1b05cc54c3f11809ac24,1681.667
4dc9c40ce40e1b05cc54c3f11809ac24,1681.667
4dc9c40ce40e1b05cc54c3f11809ac24,1681.667
4dc9c40ce40e1b05cc54c3f11809ac24,1681.667
8ddf22736c89581933c065baddb9058e,1681.667
8ddf22736c89581933c065baddb9058e,1681.667
8ddf22736c89581933c065baddb9058e,1681.667
8ddf22736c89581933c065baddb9058e,1681.667
66aa0587998e994996b03db3618bde77,1681.667
66aa0587998e994996b03db3618bde77,1681.667
66aa0587998e994996b03db3618bde77,1681.667
66aa0587998e994996b03db3618bde77,1681.667
8a34c778916dde802726e68c20fe1b8f,1681.667
8a34c778916dde802726e68c20fe1b8f,1681.667
8a34c778916dde802726e68c20fe1b8f,1681.667
8a34c778916dde802726e68c20fe1b8f,1681.667
a672f6455c91ad18e85e4cd4909fe239,1722.5
1aeb9b068e7dbd0f3fe183629ac01af8,1722.5
a8abcbae8d8e3b2d62375dfcb436e901,1998.248
65fc2ff1cb55b7edd0f7d04ebabe0532,1998.248
f4354166dd123da63c3fa3d9d9b9a59d,1998.248
813a4575f90c21ae3f6b1c9276980f3e,1391.798
c52e260c08f0d1bf6ea0039936bc2c89,1391.798
6d3d1fe5e6926b6e949db1b81718b222,1391.798
580454ab5594e2d4b8f6ad10b5e1b62d,5450.874
580454ab5594e2d4b8f6ad10b5e1b62d,5450.874
580454ab5594e2d4b8f6ad10b5e1b62d,5450.874
580454ab5594e2d4b8f6ad10b5e1b62d,5450.874
69cd9365d78bdd007584b4aac1943507,5450.874
69cd9365d78bdd007584b4aac1943507,5450.874
69cd9365d78bdd007584b4aac1943507,5450.874
69cd9365d78bdd007584b4aac1943507,5450.874
786f3f6803b7c5f962d09873936760b0,5450.874
786f3f6803b7c5f962d09873936760b0,5450.874
786f3f6803b7c5f962d09873936760b0,5450.874
786f3f6803b7c5f962d09873936760b0,5450.874
c1d2f448dc0548e96e5a3030ef963b63,5450.874
c1d2f448dc0548e96e5a3030ef963b63,5450.874
c1d2f448dc0548e96e5a3030ef963b63,5450.874
c1d2f448dc0548e96e5a3030ef963b63,5450.874
a35bff3437214b4995054bd4815c57b9,5450.874
a35bff3437214b4995054bd4815c57b9,5450.874
a35bff3437214b4995054bd4815c57b9,5450.874
a35bff3437214b4995054bd4815c57b9,5450.874
86ee5fa47bf9b28025f51030e531faf6,5450.874
86ee5fa47bf9b28025f51030e531faf6,5450.874
86ee5fa47bf9b28025f51030e531faf6,5450.874
86ee5fa47bf9b28025f51030e531faf6,5450.874
6cff2a98dd6163d6ec3493b0d4b67b37,3057.709
c2e1000381fc7b0bab297902baa247f9,3057.709
ec48d09683440fcf28265aa14b50443d,3057.709
3f91fbdc39994c2867e2ca661b5cf153,2658.436
3f91fbdc39994c2867e2ca661b5cf153,2658.436
3f91fbdc39994c2867e2ca661b5cf153,2658.436
3f91fbdc39994c2867e2ca661b5cf153,2658.436
e0cecd48eed65b8db348f67141369f22,2658.436
e0cecd48eed65b8db348f67141369f22,2658.436
e0cecd48eed65b8db348f67141369f22,2658.436
e0cecd48eed65b8db348f67141369f22,2658.436
1ed6deb6ec521fda0ac5182f2df2f16a,1950.062
a2ba5a1847e03ce1fe08ad469ad0aeb3,1950.062
48110b8970f565a27b676558e8e405d4,1950.062
279d583af920e84d73d11fd91d60f7b9,1015.0
9745099d67065614c8c82295be154d84,1015.0
0626fc43795c8cc8e17d8846e02d695a,5483.92
c6f51e36c6c6959d77c3f75c1dfaed0e,5483.92
166245def5888d5dcece19782897c5ee,5483.92
6dbc40e3b83384d7a38b75a3f66a3674,1188.928
d52953973719f12c4207084c80fc3b34,1188.928
750031107233457bc46967c16510b14a,2235.445
750031107233457bc46967c16510b14a,2235.445
750031107233457bc46967c16510b14a,2235.445
750031107233457bc46967c16510b14a,2235.445
4e0bd698d6d044146fdc1155aa093212,2235.445
4e0bd698d6d044146fdc1155aa093212,2235.445
4e0bd698d6d044146fdc1155aa093212,2235.445
4e0bd698d6d044146fdc1155aa093212,2235.445
b5f65317b2b5b895082e4999a6abe735,2235.445
b5f65317b2b5b895082e4999a6abe735,2235.445
b5f65317b2b5b895082e4999a6abe735,2235.445
b5f65317b2b5b895082e4999a6abe735,2235.445
0dd8a625beab32c8c02d23ca1aa2e9e1,2235.445
0dd8a625beab32c8c02d23ca1aa2e9e1,2235.445
0dd8a625beab32c8c02d23ca1aa2e9e1,2235.445
0dd8a625beab32c8c02d23ca1aa2e9e1,2235.445
35980e75bf0e14ad6f4075b4b473b928,746.398
35980e75bf0e14ad6f4075b4b473b928,746.398
35980e75bf0e14ad6f4075b4b473b928,746.398
35980e75bf0e14ad6f4075b4b473b928,746.398
03ee15efbffe876b65511c748c76c06e,746.398
03ee15efbffe876b65511c748c76c06e,746.398
03ee15efbffe876b65511c748c76c06e,746.398
03ee15efbffe876b65511c748c76c06e,746.398
fef2027e1f3bdce1d356408cbccaacec,746.398
fef2027e1f3bdce1d356408cbccaacec,746.398
fef2027e1f3bdce1d356408cbccaacec,746.398
fef2027e1f3bdce1d356408cbccaacec,746.398
5f86b9c011d1491a18d2887201030220,746.398
5f86b9c011d1491a18d2887201030220,746.398
5f86b9c011d1491a18d2887201030220,746.398
5f86b9c011d1491a18d2887201030220,746.398
070fea7390fca74851c6ad067c98da21,746.398
070fea7390fca74851c6ad067c98da21,746.398
070fea7390fca74851c6ad067c98da21,746.398
070fea7390fca74851c6ad067c98da21,746.398
4b34d4c1969d6d1f71ff520146aae051,746.398
4b34d4c1969d6d1f71ff520146aae051,746.398
4b34d4c1969d6d1f71ff520146aae051,746.398
4b34d4c1969d6d1f71ff520146aae051,746.398
fa51a5e6383574c07bb13b4769470b58,647.46
fa51a5e6383574c07bb13b4769470b58,647.46
fa51a5e6383574c07bb13b4769470b58,647.46
fa51a5e6383574c07bb13b4769470b58,647.46
6c6537ab89021246eaa1ac2d175ac527,647.46
6c6537ab89021246eaa1ac2d175ac527,647.46
6c6537ab89021246eaa1ac2d175ac527,647.46
6c6537ab89021246eaa1ac2d175ac527,647.46
8a9f0ab6921171e2fc1a296662683b7f,647.46
8a9f0ab6921171e2fc1a296662683b7f,647.46
8a9f0ab6921171e2fc1a296662683b7f,647.46
8a9f0ab6921171e2fc1a296662683b7f,647.46
38d10c2cd7eb7c5b4906b84e8b3092cf,647.46
38d10c2cd7eb7c5b4906b84e8b3092cf,647.46
38d10c2cd7eb7c5b4906b84e8b3092cf,647.46
38d10c2cd7eb7c5b4906b84e8b3092cf,647.46
1da0ff7b8c0cde9fa5bf6e728d8e432f,647.46
1da0ff7b8c0cde9fa5bf6e728d8e432f,647.46
1da0ff7b8c0cde9fa5bf6e728d8e432f,647.46
1da0ff7b8c0cde9fa5bf6e728d8e432f,647.46
b61cf3fd045b275639b22697e93120c5,647.46
b61cf3fd045b275639b22697e93120c5,647.46
b61cf3fd045b275639b22697e93120c5,647.46
b61cf3fd045b275639b22697e93120c5,647.46
fc29eb22f3e68d2061b8c7de1f700e0c,2473.967
7730da3a51febac7d10ac8f6ebcc15ab,2473.967
7a12ca0e9e51fcf0e4b5941825473fc9,2473.967
25eb76d55fb4beb2b9fb3c857cabae05,2519.489
faa2cc3ddb3126a603a27f02a15200ad,1788.333
dcee23bbec4dde7ccb036bd663aa30f8,1788.333
5d715eaece0f099575f2e943e704f734,1788.333
a5ccad1365b3b0ce6e36b3cced99549f,1010.0
9ce2502aa971bc4113ddd9745db7ac84,1010.0
56ed99fc2c2de1423fe9c8fc7326befd,2692.314
56ed99fc2c2de1423fe9c8fc7326befd,2692.314
56ed99fc2c2de1423fe9c8fc7326befd,2692.314
56ed99fc2c2de1423fe9c8fc7326befd,2692.314
d49fa27780920eaca70e8eeedfe536ab,2692.314
d49fa27780920eaca70e8eeedfe536ab,2692.314
d49fa27780920eaca70e8eeedfe536ab,2692.314
d49fa27780920eaca70e8eeedfe536ab,2692.314
eca97a0c344c9746668765072dc42075,1382.624
5e67085d2d8630d042d3ab9e48e35a16,1479.9489999999998
fbef2514db844b1987e63ee27289b8a2,1479.9489999999998
0f630d0ced42373460ca9f14185c4c85,1567.118
0f630d0ced42373460ca9f14185c4c85,1567.118
0f630d0ced42373460ca9f14185c4c85,1567.118
0f630d0ced42373460ca9f14185c4c85,1567.118
7931fa768faf687f062fcacd3bcda69c,1567.118
7931fa768faf687f062fcacd3bcda69c,1567.118
7931fa768faf687f062fcacd3bcda69c,1567.118
7931fa768faf687f062fcacd3bcda69c,1567.118
7952af8362c9140d8d75ec23bf38b456,1567.118
7952af8362c9140d8d75ec23bf38b456,1567.118
7952af8362c9140d8d75ec23bf38b456,1567.118
7952af8362c9140d8d75ec23bf38b456,1567.118
0d70e65d310f8071fb58ff5b2862e395,1567.118
0d70e65d310f8071fb58ff5b2862e395,1567.118
0d70e65d310f8071fb58ff5b2862e395,1567.118
0d70e65d310f8071fb58ff5b2862e395,1567.118
f27f8066d96e467b3a239165ee4f42ce,1567.118
f27f8066d96e467b3a239165ee4f42ce,1567.118
f27f8066d96e467b3a239165ee4f42ce,1567.118
f27f8066d96e467b3a239165ee4f42ce,1567.118
b861fcc40f285fcc7b371b00b7b51988,1567.118
b861fcc40f285fcc7b371b00b7b51988,1567.118
b861fcc40f285fcc7b371b00b7b51988,1567.118
b861fcc40f285fcc7b371b00b7b51988,1567.118
e53751a0cde9de1f7b2c28c1b268c324,3166.349
77e52f23f338c71fd2616b73e1e3c432,3054.129
55d8b964b55161e3d18b7739948c4c79,3054.129
57e84064797363a2f5bbcc607c3db750,818.38
6cfed91a5c1f332a2e0b7ea0c888e61f,818.38
1040770b2aacbc7b6dba175038012e65,2660.8920000000003
4df86a34a2cd402cb9a46f4e6c125d30,2660.8920000000003
213cb45b232729a34186337d1dcfa2e3,2660.8920000000003
6a2561cb3f7b774440fe599eb5037aae,622.025
710a7ce53360df0eff57efbe90c52e4d,622.025
fff07291a17af9bba14f53ad54903dc4,622.025
d76ca98714399fdec29108a561ba8960,1246.702
7c73f7171993e9382ab76c27985c0992,1246.702
44269049e40b2b57a80228fd24250204,1246.702
160a3bcddb2f95cb62e2d7fca5730a3b,20.0
8dc5e276cdfe4ee3fb6b60672f465f83,20.0
7e23ba0230e056b8c6f690a4b98f6fa4,20.0
fda387164dab427dacf5d166874b524c,1172.301
b72d70b0a9f5b2f0223fad83e4edf127,1172.301
58cede1398bda154276ce7f2d56c682e,2564.0
91e413cfe45229a3b52bfc37f902c0f8,2564.0
d9483a8c100a99028cdf0d9e3b118276,2564.0
30223201e9ef573a828622f6ef3f4e7e,2174.9100000000003
30223201e9ef573a828622f6ef3f4e7e,2174.9100000000003
30223201e9ef573a828622f6ef3f4e7e,2174.9100000000003
30223201e9ef573a828622f6ef3f4e7e,2174.9100000000003
9f8158235822e39488bcf6505af35376,2174.9100000000003
9f8158235822e39488bcf6505af35376,2174.9100000000003
9f8158235822e39488bcf6505af35376,2174.9100000000003
9f8158235822e39488bcf6505af35376,2174.9100000000003
582ab02f28d9602c9e108145cd39a39f,2174.9100000000003
582ab02f28d9602c9e108145cd39a39f,2174.9100000000003
582ab02f28d9602c9e108145cd39a39f,2174.9100000000003
582ab02f28d9602c9e108145cd39a39f,2174.9100000000003
422a0c440db1b772ea98a64e27ea165d,2174.9100000000003
422a0c440db1b772ea98a64e27ea165d,2174.9100000000003
422a0c440db1b772ea98a64e27ea165d,2174.9100000000003
422a0c440db1b772ea98a64e27ea165d,2174.9100000000003
f38b4212f2bd3ed110636262986037ec,2174.9100000000003
f38b4212f2bd3ed110636262986037ec,2174.9100000000003
f38b4212f2bd3ed110636262986037ec,2174.9100000000003
f38b4212f2bd3ed110636262986037ec,2174.9100000000003
3be8773b46077c65211e8c5d66f92b7a,2174.9100000000003
3be8773b46077c65211e8c5d66f92b7a,2174.9100000000003
3be8773b46077c65211e8c5d66f92b7a,2174.9100000000003
3be8773b46077c65211e8c5d66f92b7a,2174.9100000000003
2cb1e706d6a436238e4c416bec4cf9e4,1194.725
a31256c1e2e0a1086ad31a192b63a975,1194.725
3d735a451fe955fc6f5c73b531f32b04,1194.725
5681b21a539930ff8d4dd1494ab6a03d,335.505
fe73367d4f3f6d5d11e48466d34036bd,335.505
86afa15d46c65107b64b2bf55e3ea203,335.505
4e62e1880e79e41d3c50740bbdb9aaa5,1239.269
70cc4e9f303ba270bfd1c98551b9ddf3,1239.269
63edeb49cd60bb28d59164d5c68f1ba3,1239.269
69b2fb085cc0a23f96915deb191971d8,2541.625
2e1b33f1fb1ce65c7561d396833d1355,2541.625
f0e91401f4eb87862b3e9af9a7099548,2541.625
c073a0f4998f92adb350d3c8619a085f,3885.128
7b0ac653b986e212aa34fffe12615146,3885.128
4e8863d035ea30cb32dd671c7dc6ab30,3885.128
626546f71ac2c74aff4cf3c9ca029477,1846.532
3ede64fbde95c7d4cb4bf47cb6775815,1846.532
1d118cff4a429e0e52cd08cceb452947,1846.532
50f0b946d36ba8adf2a20a85e11eedb6,853.2339999999999
0902c63158d3653c558aa208e9224c71,853.2339999999999
aafdf510cc1e602611877dba0b243fce,853.2339999999999
13d3bf32fa4bdbaf7161c5ade747c807,655.022
0785652439a88e3398e74def964f6dfd,655.022
9a32f2d759a83ffcac253a70e5e1d090,6444.534
9a32f2d759a83ffcac253a70e5e1d090,6444.534
9a32f2d759a83ffcac253a70e5e1d090,6444.534
9a32f2d759a83ffcac253a70e5e1d090,6444.534
f166bf99d5aef2bc4966eadf472761e5,6444.534
f166bf99d5aef2bc4966eadf472761e5,6444.534
f166bf99d5aef2bc4966eadf472761e5,6444.534
f166bf99d5aef2bc4966eadf472761e5,6444.534
d6100bfce28a6034c89d1bcda6f3c311,6444.534
d6100bfce28a6034c89d1bcda6f3c311,6444.534
d6100bfce28a6034c89d1bcda6f3c311,6444.534
d6100bfce28a6034c89d1bcda6f3c311,6444.534
ea65f3ce3d9af609790533496a125283,6444.534
ea65f3ce3d9af609790533496a125283,6444.534
ea65f3ce3d9af609790533496a125283,6444.534
ea65f3ce3d9af609790533496a125283,6444.534
b405d4b77572af387e12864328efb1b1,6444.534
b405d4b77572af387e12864328efb1b1,6444.534
b405d4b77572af387e12864328efb1b1,6444.534
b405d4b77572af387e12864328efb1b1,6444.534
f38a72e9c7f00edf973e2f87d93a0fea,6444.534
f38a72e9c7f00edf973e2f87d93a0fea,6444.534
f38a72e9c7f00edf973e2f87d93a0fea,6444.534
f38a72e9c7f00edf973e2f87d93a0fea,6444.534
cf702c31932d83f3a3bee83e8b316316,75.0
5e2286a9a714c2b6ffde8714d66f0007,75.0
fe787b8006cad038b2222159280b5f64,75.0
bdcd79177f5f47f5bba80af177da9b9b,0.0
9b4cdac8d4156d137204e6ad1225ee1b,0.0
703cd44b3b6bbf4699854f1f85c33ba8,0.0
28b188cac138dc757c4277d36808387c,398.151
9516462db3e7c73ceaf6d9241a122571,398.151
75bd3c0be37f162ecbde388b5e532d86,398.151
03e50a6878fe8b4d158b3d7a940b69b0,268.926
51ea05bd0ca7c4271697783312b56ee7,302.5
3f823e993fe774a63cf4866bb7fae4a9,302.5
de0a6967e11e822ac77992b527dbf96f,1451.5
e6fc53497cf81ed24539bb590859f457,1451.5
8df9307ccc2482d3e6efb382fb01f9af,1451.5
050133f856a23fe9235f1de424365449,0.0
a8440f1b7d8e2b12f1d859a6fc030cce,881.272
e808501d1af67e7f7e1052166f700fb0,881.272
e4ee7855108cb319336c2fb83d2e8c03,881.272
e5c3a440e13b6b674ffcc326c1d6a686,1183.496
e5c3a440e13b6b674ffcc326c1d6a686,1183.496
e5c3a440e13b6b674ffcc326c1d6a686,1183.496
e5c3a440e13b6b674ffcc326c1d6a686,1183.496
6aa5c0f1528bd60ceb990a78a3f6d045,1183.496
6aa5c0f1528bd60ceb990a78a3f6d045,1183.496
6aa5c0f1528bd60ceb990a78a3f6d045,1183.496
6aa5c0f1528bd60ceb990a78a3f6d045,1183.496
a1a481ca712914af0bd10afe67679c88,1183.496
a1a481ca712914af0bd10afe67679c88,1183.496
a1a481ca712914af0bd10afe67679c88,1183.496
a1a481ca712914af0bd10afe67679c88,1183.496
0746b5a0fa9a1efb37225a792a57e903,1183.496
0746b5a0fa9a1efb37225a792a57e903,1183.496
0746b5a0fa9a1efb37225a792a57e903,1183.496
0746b5a0fa9a1efb37225a792a57e903,1183.496
3925e44b9223937b67334f88cdcbce50,1183.496
3925e44b9223937b67334f88cdcbce50,1183.496
3925e44b9223937b67334f88cdcbce50,1183.496
3925e44b9223937b67334f88cdcbce50,1183.496
c2b6fd79130f53604179f8e0e7a8db15,1183.496
c2b6fd79130f53604179f8e0e7a8db15,1183.496
c2b6fd79130f53604179f8e0e7a8db15,1183.496
c2b6fd79130f53604179f8e0e7a8db15,1183.496
b658207b8f70029fcd2faa77bc2f64e6,1324.461
f58997736b8a78a675b03525f8253574,1324.461
755142b1edf24feb20966195c3a5cfb4,1324.461
34e1cc2365b0a6eeed12fae0cebc08de,200.136
